ID,Title,Meal_Time,Measurement,Ingredients,Substitutions,How_To_Cook,Calories_kcal,Saturated_Fat_g,Carbs_g,Protein_g,Fiber_g,Sugar_g,Cholesterol_mg,Sodium_mg,Potassium_mg,Iron_mg,Calcium_mg,Phosphorus_mg,Magnesium_mg,Vitamin_A_ug,Vitamin_B_mg,Vitamin_C_mg,Vitamin_D_ug,Vitamin_E_mg,Vitamin_K_ug,Zinc_mg,Iodine_ug,Selenium_ug,Copper_mg,Fluoride_mg,Chromium_mg,Dietary_Restrictions
1,Avocado Toast,Breakfast,1 slice;50g;1 tsp;salt to taste,bread;avocado;olive oil;salt,gluten-free bread,"""1. Preheat toaster to medium (2-3 min). 2. Toast bread until golden. 3. Mash avocado with a pinch of salt. 4. Spread avocado on toast. 5. Drizzle olive oil on top and serve.""",250,3,30,6,8,1,50,150,250,1.5,40,80,45,150,2,10,0,0.6,21,0.7,15,0,8,0.4,0,vegetarian; vegan
2,Greek Yogurt Parfait,Breakfast; Snack,150g;50g;1 tsp,greek yogurt;berries;honey,plant-based yogurt,"""1. Chill glass for 5 min. 2. Spoon Greek yogurt into glass. 3. Layer berries on top. 4. Repeat layers if desired. 5. Drizzle honey and chill for 5 min.""",220,2,28,15,4,12,0,100,300,0.5,200,120,25,80,45,150,3,1.2,0,1,3,1,10,10,0.1,vegetarian; gluten-free
3,Oatmeal with Banana,Breakfast,50g;1 medium;120ml,oats;banana;almond milk,oat milk,"""1. Bring almond milk to simmer (3-4 min). 2. Add oats and cook 5 min. 3. Slice banana into rounds. 4. Mix banana into cooked oats. 5. Serve warm with a drizzle of honey.""",300,1,54,9,7,14,0,5,400,2,50,150,60,100,2,12,0,0.5,2,0.6,12,0,12,0.3,0,vegan; vegetarian; gluten-free
4,Chickpea Salad,Lunch; Dinner,1 cup;1/2 cup;1/2 cup;1 tsp;1 tbsp,chickpeas;cucumber;tomato;olive oil;lemon,none,"""1. Drain and rinse chickpeas. 2. Dice cucumber and tomato. 3. Combine chickpeas and vegetables. 4. Add olive oil and lemon juice, toss gently. 5. Chill 5 min before serving.""",320,1,45,12,9,2,90,350,350,80,6,120,0,6,2,18,4,0.7,70,0.8,25,5,35,18,0.4,vegan; vegetarian; gluten-free
5,Lentil Soup,Lunch; Dinner,1 cup;1 medium;1 medium;2 cloves;3 cups,lentils;carrot;onion;garlic;vegetable broth,none,"""1. Rinse lentils under cold water. 2. Dice carrot and onion. 3. Sauté onion and garlic in olive oil over medium heat 3-4 min. 4. Add lentils, carrots, and broth; bring to boil. 5. Reduce heat, simmer 25-30 min until tender.""",350,1,50,20,15,1,70,300,400,60,8,180,0,4,2,20,5,1,90,0.9,25,5,35,18,0.4,vegan; vegetarian; gluten-free
6,Grilled Chicken Bowl,Lunch; Dinner,150g;1/2 cup;1 cup,chicken breast;rice;broccoli,tofu,"""1. Preheat grill to medium-high (~375°F). 2. Season chicken with salt and pepper. 3. Grill chicken 6-7 min per side until internal temp 165°F. 4. Cook rice according to package instructions (~12 min). 5. Steam broccoli 5 min and assemble bowl.""",420,2,45,35,6,2,0,300,500,50,4,90,0,8,2,15,5,1.1,70,1.2,22,4,40,20,0.3,gluten-free
7,Tofu Stir Fry,Lunch; Dinner,150g;1 medium;1 tbsp;2 cloves;1 tsp,tofu;bell pepper;soy sauce;garlic;ginger,tamari,"""1. Press tofu 10 min to remove water. 2. Slice bell peppers. 3. Heat oil medium-high 2 min. 4. Add tofu and peppers, stir fry 5-6 min. 5. Add soy sauce and ginger, cook 1 min, serve.""",380,1,28,22,6,3,35,200,450,350,5,60,0,12,1,20,4,1.3,80,1.1,18,5,30,15,0.5,vegan; vegetarian; gluten-free
8,Quinoa Veggie Bowl,Lunch; Dinner,50g;100g;1 cup;1 tsp,quinoa;zucchini;spinach;olive oil,none,"""1. Rinse quinoa. 2. Boil in water medium heat 12-15 min. 3. Sauté zucchini and spinach 5 min in olive oil. 4. Mix cooked quinoa and vegetables together. 5. Season with salt and pepper, serve.""",360,1,42,14,7,4,80,150,400,70,3,110,0,10,2,18,4,1,85,0.9,20,5,32,16,0.3,vegan; vegetarian; gluten-free
9,Egg Scramble,Breakfast,2;1 cup;1 tsp,eggs;spinach;olive oil,tofu,"""1. Beat eggs with pinch of salt. 2. Heat oil medium 1-2 min. 3. Add eggs and scramble 2-3 min. 4. Add spinach, cook 1-2 min until wilted. 5. Serve immediately.""",280,5,6,18,2,1,0,200,350,60,1,120,40,2,1,8,3,0.7,55,0.8,18,4,28,14,0.3,vegetarian; gluten-free
10,Baked Salmon,Lunch; Dinner,150g;1 slice;1 tsp,salmon;lemon;olive oil,none,"""1. Preheat oven 375°F (190°C). 2. Place salmon on baking sheet. 3. Drizzle olive oil and lemon slices. 4. Bake 15-20 min until cooked. 5. Let rest 2 min and serve.""",450,3,0,40,0,0,70,400,600,30,0,60,600,0,4,2,300,2,280,1.5,6,45,0,0.4,0.6,gluten-free; pescatarian
11,Spaghetti Aglio e Olio,Lunch; Dinner,75g;2 cloves;1 tsp;1 tbsp,spaghetti;garlic;olive oil;parsley,gluten-free pasta,"""1. Boil spaghetti 8-10 min until al dente. 2. Slice garlic thin. 3. Heat olive oil medium, sauté garlic 2-3 min. 4. Toss pasta with garlic oil. 5. Garnish with parsley and serve.""",400,5,70,12,5,2,0,5,250,2,40,35,50,15,150,0,12,0.6,0,0.7,20,1.5,10,0.5,0,vegetarian
12,Chicken Tacos,Lunch; Dinner,100g;2 small;30g;1 tbsp;1 tsp,chicken breast;tortillas;lettuce;cheese;salsa,tofu;gluten-free tortillas,"""1. Season chicken with spices. 2. Cook chicken medium-high 6-7 min per side. 3. Warm tortillas 1 min each. 4. Assemble tacos with chicken, lettuce, cheese, salsa. 5. Serve immediately.""",450,4,40,30,5,3,50,450,450,80,30,70,25,200,0,8,0,1.2,10,1.2,5,25,2,0.3,0.6,gluten-free; high-protein
13,Paneer Butter Masala,Lunch; Dinner,100g;1 tbsp;1 tbsp;1 tsp;50g,paneer;butter;tomato cream;garam masala;onion,tofu;vegan butter,"""1. Dice paneer. 2. Sauté onion in butter medium 3-4 min. 3. Add tomato cream, simmer 5 min. 4. Add paneer, garam masala, cook 5 min. 5. Serve with steamed rice.""",500,12,20,22,2,8,0,700,700,120,18,200,50,100,10,2,10,2.3,220,1.3,20,0.2,5,0.1,0,vegetarian; gluten-free
14,Sushi Rolls,Lunch; Dinner,100g;50g;1 sheet;1 tsp,sushi rice;cucumber;nori;sesame oil,cauliflower rice,"""1. Cook sushi rice 12 min. 2. Slice cucumber thin. 3. Lay nori on bamboo mat. 4. Spread rice, add cucumber. 5. Roll tightly, brush sesame oil, slice, serve.""",300,1,60,7,4,1,5,800,300,1,30,8,50,15,0,0,10,0.5,12,0.8,2,5,0.1,0,0,vegetarian
15,Shakshuka,Breakfast; Lunch; Dinner,2;100g;1 tbsp;1 tsp;50g,eggs;tomato;olive oil;spices;onion,tofu;vegan oil,"""1. Heat olive oil medium 2 min. 2. Sauté onion 3 min. 3. Add tomato and spices, simmer 5-6 min. 4. Make wells, crack eggs, cover 5 min. 5. Serve hot with bread.""",350,5,15,18,3,5,40,600,500,50,12,60,20,120,1,3,0,1.1,8,0.9,15,0.3,10,0.5,0,vegetarian
16,Falafel Wrap,Lunch; Dinner,80g;2 small;50g;30g;1 tbsp,falafel;tortilla;lettuce;tomato;tahini,gluten-free tortilla,"""1. Heat oil medium-high 2 min. 2. Warm tortilla 1 min. 3. Place falafel on tortilla. 4. Add lettuce, tomato, tahini. 5. Roll and serve.""",420,6,50,15,7,4,0,400,400,120,15,60,20,90,0,4,0,1,10,0.7,12,2,8,0.6,0,vegan
17,Beef Stir Fry,Lunch; Dinner,100g;1 cup;1 tbsp;2 cloves;1 tsp,beef strips;broccoli;soy sauce;garlic;ginger,tofu;tamari,"""1. Heat oil medium-high 2 min. 2. Add beef 5 min. 3. Stir fry broccoli 4 min. 4. Add soy sauce, garlic, ginger 2 min. 5. Serve hot with rice.""",450,8,30,35,5,2,0,450,550,150,12,100,35,120,2,5,0,1.5,20,1.2,15,1.5,10,0.6,0,gluten-free; high-protein
18,Miso Soup,Lunch; Dinner,500ml;50g;10g;5g;5g,water;miso paste;tofu;seaweed;green onion,none,"""1. Boil water 5 min. 2. Dissolve miso paste. 3. Cube tofu, add to pot. 4. Add seaweed, cook 2 min. 5. Garnish with green onion, serve.""",90,0,6,8,1,0,30,300,300,0.5,50,0,20,10,0,1,0,0.4,2,0.5,1,0.1,0.2,0,0,gluten-free
19,Caprese Salad,Lunch; Dinner,100g;50g;10g;1 tsp;5 leaves,tomato;mozzarella;basil;olive oil;balsamic,vegan cheese,"""1. Slice tomato and mozzarella. 2. Layer alternating slices. 3. Sprinkle basil. 4. Drizzle olive oil and balsamic. 5. Serve chilled.""",250,8,10,12,2,2,30,150,300,50,18,100,20,150,0,5,0,1.2,10,0.6,2,0.2,0.3,0,0,gluten-free
20,Pad Thai,Lunch; Dinner,100g;50g;1 egg;1 tbsp;1 tsp,rice noodles;shrimp;egg;peanuts;soy sauce,tofu;gluten-free soy sauce,"""1. Soak noodles 10 min. 2. Heat oil medium 2 min. 3. Stir fry shrimp 3 min. 4. Add noodles, egg, sauce, cook 5 min. 5. Garnish with peanuts and serve.""",500,6,60,25,5,16,0,600,450,90,20,70,15,2,10,0,3,1.7,1,1.1,0.3,12,0.4,0,0,gluten-free; high-protein
31,Vegan Buddha Bowl with Tahini,Lunch; Dinner,100g;50g;1/2 cup;1 tsp,quinoa;chickpeas;spinach;olive oil,none,"""1. Cook quinoa 12 min. 2. Roast chickpeas 15 min at 375°F. 3. Sauté spinach 3-4 min in olive oil. 4. Assemble bowl with quinoa, chickpeas, spinach. 5. Drizzle tahini dressing and serve.""",400,2,55,15,10,8,50,350,500,3,250,5,150,50,120,2,8,2,1,1.3,0,20,1,0.4,0.5,vegan; vegetarian; gluten-free
32,Sweet Potato and Black Bean Chili,Lunch; Dinner,150g;100g;1 cup;1 tsp;1 tbsp,sweet potato;black beans;tomato;onion;chili powder,none,"""1. Dice sweet potato. 2. Sauté onion medium 3-4 min. 3. Add sweet potato, beans, tomato, chili powder. 4. Simmer 20 min. 5. Serve hot.""",360,1,45,15,10,10,90,250,600,3,300,2,120,50,100,2,8,0.9,1,0.9,0,20,1,0.3,0.4,vegan; vegetarian; gluten-free
33,Vegan Mushroom Risotto,Lunch; Dinner,100g;50g;1/2 cup;1 tsp;1 tbsp,arborio rice;mushrooms;onion;vegetable broth;olive oil,none,"""1. Sauté onion 3 min. 2. Add mushrooms 5 min. 3. Add rice, toast 2-3 min. 4. Gradually add broth, stirring 15 min. 5. Finish with olive oil, serve.""",420,2,65,10,6,9,15,200,400,2,250,1,120,50,80,2,6,1.1,0,1,0,18,0.5,0.2,0.3,vegan; vegetarian; gluten-free
34,Chicken Fajitas,Lunch; Dinner,100g;50g;1/2 cup;1 tsp;1 tbsp,chicken breast;bell peppers;onion;tortilla;spices,tofu;gluten-free tortilla,"""1. Slice chicken, peppers, onion. 2. Heat pan medium 2 min. 3. Cook chicken 5-6 min. 4. Add peppers, onions, cook 4 min. 5. Assemble tortillas with mixture, serve.""",450,4,40,30,5,3,0,450,500,150,3,120,50,80,2,8,0,1.3,15,1.1,20,1,12,0.5,0,gluten-free; high-protein
35,Vegan Thai Curry,Lunch; Dinner,100g;50g;1/2 cup;1 tsp;1 tbsp,tofu;broccoli;red bell pepper;coconut milk;red curry paste,none,"""1. Heat coconut milk 2 min. 2. Add red curry paste, stir. 3. Add tofu and vegetables, simmer 10 min. 4. Stir occasionally. 5. Serve with rice.""",380,2,40,18,7,1,0,400,450,2,250,1,120,50,90,2,6,1,0,0.8,0,18,0.5,0.2,0.3,vegan; vegetarian; gluten-free
36,Grilled Vegetable Panini,Lunch; Dinner,2 slices;50g;50g;1 tsp;1 tbsp,bread;zucchini;bell pepper;mozzarella;olive oil,gluten-free bread;vegan cheese,"""1. Preheat panini press 2 min. 2. Slice vegetables thin. 3. Layer veggies and cheese on bread. 4. Drizzle olive oil. 5. Grill 5 min until golden.""",420,6,40,15,5,4,35,200,350,2,250,1,120,50,90,2,6,0.8,0,0.7,0,18,0.5,0.2,0.3,vegetarian
37,Vegan Stuffed Peppers,Lunch; Dinner,3;100g;50g;1 tsp;1 tbsp,bell peppers;quinoa;black beans;tomato;cumin,none,"""1. Preheat oven 375°F. 2. Cook quinoa 12 min. 3. Mix quinoa, beans, tomato, cumin. 4. Stuff peppers with mixture. 5. Bake 20 min, serve.""",380,1,45,15,8,5,0,300,400,2,220,1,120,50,100,2,6,1.2,0,0.9,0,18,0.5,0.2,0.3,vegan; vegetarian; gluten-free
38,Beef and Broccoli Stir Fry,Lunch; Dinner,150g;100g;1 tbsp;2 cloves;1 tsp,beef;broccoli;soy sauce;garlic;ginger,tofu;tamari,"""1. Slice beef thin. 2. Heat oil medium 2 min. 3. Add beef, cook 5 min. 4. Add broccoli, garlic, ginger, cook 4 min. 5. Serve hot with rice.""",450,8,35,30,5,3,70,400,550,150,12,100,35,120,2,5,0,1.5,20,1.2,15,1.5,10,0.6,0,gluten-free; high-protein
39,Vegan Mediterranean Quinoa Salad,Lunch; Dinner,100g;50g;1/2 cup;1 tsp;1 tbsp,quinoa;cucumber;tomato;olive oil;lemon juice,none,"""1. Cook quinoa 12 min. 2. Dice cucumber, tomato. 3. Mix vegetables with quinoa. 4. Drizzle olive oil, lemon juice. 5. Chill 5 min, serve.""",360,1,42,14,7,2,0,300,450,2,250,1,120,50,90,2,6,1.3,0,1.1,0,18,0.5,0.2,0.3,vegan; vegetarian; gluten-free
40,Shrimp Tacos,Lunch; Dinner,100g;2 small;50g;30g;1 tsp,shrimp;tortilla;lettuce;tomato;salsa,tofu;gluten-free tortilla,"""1. Heat oil medium 2 min. 2. Cook shrimp 3-4 min. 3. Dice lettuce, tomato. 4. Warm tortillas 1 min. 5. Assemble tacos with shrimp, vegetables, salsa, serve.""",430,3,40,25,5,2,0,250,500,200,2,120,50,90,2,8,0,1.1,15,1,20,1,12,0.5,0,pescatarian; gluten-free
41,Vegan Curry Noodles,Lunch; Dinner,100g;50g;1/2 cup;1 tsp;1 tbsp,rice noodles;tofu;coconut milk;broccoli;curry powder,none,"""1. Soak noodles 10 min. 2. Heat oil medium 2 min. 3. Add tofu, cook 3-4 min. 4. Add broccoli, coconut milk, curry powder, simmer 5 min. 5. Serve hot.""",380,1,55,15,6,2,20,200,450,2,250,1,120,50,90,2,6,1.4,0,1.2,0,18,0.5,0.2,0.3,vegan; vegetarian; gluten-free
42,Chicken Teriyaki Bowl,Lunch; Dinner,150g;100g;1/2 cup;1 tsp;1 tbsp,chicken breast;rice;broccoli;teriyaki sauce;sesame seeds,tofu;gluten-free soy sauce,"""1. Cook rice 12 min. 2. Grill chicken 6-7 min per side. 3. Steam broccoli 5 min. 4. Pour teriyaki sauce over chicken and broccoli. 5. Sprinkle sesame seeds, serve.""",450,4,45,35,5,1,0,350,400,200,2,120,50,90,2,8,0,1.2,15,1.1,20,1,12,0.5,0,gluten-free; high-protein
43,Vegan Lentil Soup,Lunch; Dinner,100g;50g;1 cup;1 tsp;1 tbsp,lentils;carrot;celery;onion;garlic,none,"""1. Dice vegetables. 2. Sauté onion, garlic medium 3 min. 3. Add lentils, carrot, celery, 3 cups water. 4. Simmer 20 min. 5. Serve hot.""",350,1,45,18,8,3,0,300,500,2,220,1,120,50,100,2,6,1,10,1,6,18,0.5,0.2,0.3,vegan; vegetarian; gluten-free
44,Grilled Veggie Skewers,Lunch; Dinner,3;50g;50g;1 tsp;1 tbsp,zucchini;bell pepper;mushroom;olive oil;herbs,none,"""1. Preheat grill 375°F. 2. Skewer vegetables. 3. Brush with olive oil and herbs. 4. Grill 10-12 min, turning occasionally. 5. Serve hot.""",320,2,35,8,5,0,5,250,350,2,200,1,100,40,80,1,5,0.9,12,0.9,8,15,0.3,0.2,0.3,vegan; vegetarian; gluten-free
45,Vegan Black Bean Burger,Lunch; Dinner,100g;50g;30g;1 tsp;1 tbsp,black beans;oats;onion;garlic;spices,none,"""1. Mash black beans. 2. Mix oats, onion, garlic, spices. 3. Form patties. 4. Cook medium 5-6 min per side. 5. Serve on bun with toppings.""",380,1,45,15,8,3,70,200,400,2,250,1,120,50,90,2,6,1.1,15,1,4,18,0.5,0.2,0.3,vegan; vegetarian; gluten-free
46,Baked Tofu with Veggies,Lunch; Dinner,150g;100g;1 tbsp;1 tsp;1 tbsp,tofu;broccoli;carrots;olive oil;soy sauce,none,"""1. Preheat oven 375°F. 2. Cube tofu. 3. Toss tofu and veggies with oil, soy sauce. 4. Bake 20 min, stirring halfway. 5. Serve hot.""",400,2,35,20,6,2,0,150,500,3,250,2,120,50,100,2,8,1,8,0.8,5,20,1,0.4,0.5,vegan; vegetarian; gluten-free
47,Vegan Stuffed Zucchini,Lunch; Dinner,3;100g;50g;1 tsp;1 tbsp,zucchini;quinoa;tomato;olive oil;garlic,none,"""1. Preheat oven 375°F. 2. Hollow zucchini. 3. Mix quinoa, tomato, olive oil, garlic. 4. Stuff zucchini with mixture. 5. Bake 20 min, serve.""",360,1,42,14,7,1,0,200,450,2,250,1,120,50,90,2,6,1.2,12,1.1,3,18,0.5,0.2,0.3,vegan; vegetarian; gluten-free
48,Vegan Mediterranean Wrap,Lunch; Dinner,1;50g;50g;1 tsp;1 tbsp,tortilla;hummus;cucumber;tomato;lettuce,gluten-free tortilla,"""1. Spread hummus on tortilla. 2. Slice cucumber, tomato, lettuce. 3. Layer vegetables on tortilla. 4. Roll tightly. 5. Serve immediately.""",350,1,40,12,8,2,40,150,350,2,250,1,120,50,90,2,6,0.8,8,0.7,5,18,0.5,0.2,0.3,vegan; vegetarian; gluten-free
49,Chicken Pesto Pasta,Lunch; Dinner,100g;50g;1 tbsp;1 tsp;1 tbsp,pasta;chicken breast;pesto;parmesan;olive oil,tofu;vegan pesto,"""1. Cook pasta 8-10 min. 2. Grill chicken 6 min per side. 3. Toss pasta with pesto, chicken, parmesan. 4. Drizzle olive oil. 5. Serve hot.""",450,5,50,30,5,3,0,200,400,200,2,120,50,90,2,8,0,1,10,0.9,20,1,12,0.5,0,high-protein
50,Vegan Chickpea Stew,Lunch; Dinner,150g;50g;100g;1 tsp;1 tbsp,chickpeas;carrot;potato;tomato paste;spices,none,"""1. Dice vegetables. 2. Sauté carrot and potato 3-4 min. 3. Add chickpeas, tomato paste, spices. 4. Simmer 20 min. 5. Serve hot with bread.""",380,1,45,15,8,15,0,350,500,2,250,1,120,50,90,2,6,1.3,6,1,0,18,0.5,0.2,0.3,vegan; vegetarian; gluten-free
51,Spaghetti Bolognese,Lunch; Dinner,100g;150g;1 tsp;1 tbsp;1 tsp,spaghetti;ground beef;tomato sauce;onion;olive oil,none,"""1. Boil spaghetti 8-10 min. 2. Sauté onion in olive oil 3 min. 3. Add ground beef, cook 5-6 min. 4. Stir in tomato sauce, simmer 10 min. 5. Serve over spaghetti.""",550,12,60,35,6,18,50,250,450,180,80,10,,20,10,15,0.4,1.1,12,0.9,5,15,3,0.3,0.2,high-protein
52,Chicken Alfredo Pasta,Lunch; Dinner,100g;150g;1/2 cup;1 tbsp;1 tsp,pasta;chicken breast;cream;parmesan;butter,none,"""1. Cook pasta 8-10 min. 2. Grill chicken 6-7 min. 3. Heat cream and butter medium 2 min. 4. Mix pasta, chicken, sauce. 5. Sprinkle parmesan and serve.""",600,15,55,30,4,12,75,300,400,200,200,15,,25,15,20,0.5,0.9,10,0.8,6,18,3,0.4,0.3,high-protein
53,Cheeseburger,Lunch; Dinner,150g;1 bun;1 slice;1 tsp;1 tbsp,ground beef;bun;cheddar cheese;lettuce;tomato,gluten-free bun,"""1. Shape beef patty. 2. Grill 5-6 min per side. 3. Toast bun 1-2 min. 4. Add cheese on patty 1 min before done. 5. Assemble with lettuce, tomato, serve.""",700,20,45,40,3,2,0,200,550,150,150,10,,20,15,18,0.6,2,6,1.5,8,20,3,0.4,0.3,high-protein
54,Grilled Cheese Sandwich,Lunch; Dinner,2 slices;1 tbsp;1 tsp;1 tsp;1 tsp,bread;cheddar cheese;butter;tomato;optional ham,gluten-free bread,"""1. Butter bread slices. 2. Heat skillet medium 2 min. 3. Add cheese between bread. 4. Cook 3-4 min per side. 5. Add tomato or ham if desired, serve.""",450,12,35,18,2,4,0,500,600,100,250,5,,10,10,8,0.3,2.1,10,1.6,4,10,2,0.2,0.2,vegetarian
55,Chicken Stir Fry,Lunch; Dinner,150g;100g;1 tbsp;2 cloves;1 tsp,chicken breast;broccoli;carrots;soy sauce;garlic,tofu;tamari,"""1. Slice chicken thin. 2. Heat oil medium 2 min. 3. Stir fry chicken 5 min. 4. Add vegetables, garlic, cook 4 min. 5. Add soy sauce, stir 1 min, serve.""",450,4,30,35,5,5,40,250,700,150,40,10,,15,15,12,0.5,1.8,12,1.7,5,15,2,0.3,0.2,high-protein
56,Pancakes with Syrup,Breakfast,100g;1 cup;1 tsp;1 tbsp;1 tsp,flour;milk;egg;butter;maple syrup,gluten-free flour,"""1. Mix flour, milk, egg into batter. 2. Heat skillet medium 2 min. 3. Pour batter 1/4 cup per pancake. 4. Cook 2-3 min each side. 5. Serve with butter and syrup.""",400,6,50,12,3,7,0,400,600,100,150,5,,10,5,6,0.2,1.2,8,1.3,3,12,1,0.1,0.1,vegetarian
57,Beef Tacos,Lunch; Dinner,100g;2 small;30g;1 tbsp;1 tsp,ground beef;tortilla;lettuce;cheddar;salsa,gluten-free tortilla,"""1. Cook beef medium 5-6 min. 2. Warm tortillas 1 min. 3. Dice lettuce, cheese. 4. Assemble tacos with beef, vegetables. 5. Add salsa, serve.""",450,8,40,25,5,14,0,150,400,150,100,10,,20,12,10,0.4,0.9,10,0.9,5,15,2,0.3,0.2,high-protein
58,Omelette with Ham and Cheese,Breakfast,3 eggs;50g;1 slice;1 tsp;1 tbsp,eggs;ham;cheddar;milk;butter,tofu;vegan cheese,"""1. Beat eggs with milk. 2. Heat butter medium 1-2 min. 3. Pour eggs into pan 2 min. 4. Add ham, cheese, cook 3-4 min. 5. Fold omelette, serve hot.""",350,10,2,20,1,1,25,50,200,90,180,5,,12,8,4,0.3,0.6,6,0.5,2,10,1,0.2,0.1,high-protein
59,BBQ Chicken Pizza,Lunch; Dinner,100g;50g;50g;1 tbsp;1 tsp,pizza dough;chicken;mozzarella;bbq sauce;onion,gluten-free dough,"""1. Preheat oven 425°F. 2. Roll dough. 3. Top with chicken, cheese, bbq sauce, onion. 4. Bake 12-15 min. 5. Slice and serve.""",600,15,55,30,4,12,0,250,500,200,220,15,,25,18,20,0.5,1.1,12,1.1,5,18,2,0.3,0.2,high-protein
60,Shrimp Scampi,Lunch; Dinner,150g;50g;2 cloves;1 tbsp;1 tsp,shrimp;spaghetti;garlic;butter;lemon juice,tofu;gluten-free pasta,"""1. Boil spaghetti 8-10 min. 2. Sauté garlic in butter 2 min. 3. Add shrimp 4-5 min. 4. Toss with spaghetti. 5. Drizzle lemon juice, serve.""",500,8,45,30,4,10,15,150,250,180,60,12,,20,15,18,0.4,0.7,10,0.8,5,15,2,0.3,0.2,pescatarian
61,Turkey Sandwich,Lunch; Dinner,2 slices;50g;1 slice;1 tsp;1 tbsp,bread;turkey breast;lettuce;tomato;mayonnaise,gluten-free bread,"""1. Toast bread 1-2 min. 2. Layer turkey, lettuce, tomato. 3. Spread mayonnaise. 4. Assemble sandwich. 5. Serve immediately.""",400,6,35,25,3,0,30,200,400,120,60,5,,10,8,6,0.3,0.8,6,0.9,2,10,1,0.2,0.1,high-protein
62,Beef Chili,Lunch; Dinner,150g;100g;50g;1 tsp;1 tbsp,ground beef;kidney beans;tomato;onion;chili powder,tofu;vegan beans,"""1. Sauté onion medium 3 min. 2. Add beef, cook 5-6 min. 3. Add beans, tomato, chili powder. 4. Simmer 20 min. 5. Serve hot.""",500,12,40,35,6,0,70,300,500,150,70,12,,22,15,14,0.5,1.5,10,1.2,5,15,2,0.3,0.2,high-protein
63,Pasta Carbonara,Lunch; Dinner,100g;50g;1 egg;1 tbsp;1 tsp,pasta;pancetta;egg;parmesan;cream,gluten-free pasta,"""1. Boil pasta 8-10 min. 2. Cook pancetta 3-4 min. 3. Beat egg with cream, parmesan. 4. Toss pasta with pancetta and egg mixture. 5. Serve immediately.""",550,15,50,25,3,12,50,450,600,200,180,15,,25,18,18,0.5,1.6,12,1.3,6,18,3,0.4,0.3,high-protein
64,Fish and Chips,Lunch; Dinner,150g;100g;50g;1 tsp;1 tbsp,cod;potatoes;flour;oil;salt,gluten-free flour,"""1. Preheat oil 350°F. 2. Slice potatoes, fry 5-6 min. 3. Coat fish with flour, fry 4-5 min. 4. Drain oil. 5. Serve hot with tartar sauce.""",550,12,60,30,5,1,70,600,700,150,40,12,,20,15,18,0.4,1.9,10,1.4,5,15,2,0.3,0.2,pescatarian
65,Chicken Noodle Soup,Lunch; Dinner,150g;50g;1/2 cup;1 tsp;1 tbsp,chicken;egg noodles;carrot;celery;onion,tofu;gluten-free noodles,"""1. Boil chicken 15 min. 2. Add vegetables 5 min. 3. Add noodles, cook 8 min. 4. Season to taste. 5. Serve hot.""",400,4,40,25,5,18,20,700,750,150,20,10,,15,12,10,0.3,2,8,1.6,3,12,1,0.2,0.1,high-protein
66,Egg Salad Sandwich,Lunch; Dinner,2 slices;2 eggs;1 tbsp;1 tsp;1 tsp,bread;eggs;mayonnaise;lettuce;mustard,gluten-free bread,"""1. Boil eggs 10 min. 2. Mash eggs, mix with mayonnaise, mustard. 3. Toast bread 1-2 min. 4. Spread egg mixture. 5. Add lettuce, serve.""",400,8,35,18,2,12,90,350,550,100,80,5,,12,8,6,0.3,1.3,6,1.2,2,10,1,0.2,0.1,high-protein
67,Beef Burrito,Lunch; Dinner,150g;50g;1/2 cup;1 tbsp;1 tsp,beef;flour tortilla;rice;beans;cheddar,gluten-free tortilla,"""1. Cook beef 5-6 min. 2. Warm tortilla 1 min. 3. Add rice, beans, beef, cheese. 4. Roll tightly. 5. Serve immediately.""",550,12,50,35,5,1,70,250,400,200,100,12,,22,15,14,0.5,1.1,12,1.1,5,15,2,0.3,0.2,high-protein
68,Chicken Quesadilla,Lunch; Dinner,2 tortillas;100g;50g;1 tsp;1 tbsp,flour tortillas;chicken breast;cheddar;onion;bell pepper,gluten-free tortillas,"""1. Cook chicken 6 min. 2. Sauté onions, peppers 3 min. 3. Layer chicken, cheese, vegetables on tortilla. 4. Cook 3-4 min per side. 5. Serve hot.""",500,10,45,30,5,0,90,400,600,180,200,12,,20,15,18,0.4,1.4,10,1.2,5,15,2,0.3,0.2,high-protein
69,Lasagna,Lunch; Dinner,150g;100g;50g;1/2 cup;1 tbsp,lasagna noodles;ground beef;tomato sauce;ricotta;mozzarella,gluten-free noodles,"""1. Preheat oven 375°F. 2. Cook noodles 8-10 min. 3. Layer noodles, meat, sauce, cheese. 4. Repeat layers, top with mozzarella. 5. Bake 25 min, serve.""",650,18,60,35,6,2,70,500,650,250,250,15,,25,20,18,0.6,1.6,12,1.4,6,20,3,0.4,0.3,high-protein
70,Pork Fried Rice,Lunch; Dinner,150g;100g;50g;1 egg;1 tsp,pork;rice;peas;egg;soy sauce,tofu;gluten-free soy sauce,"""1. Cook rice 12 min. 2. Heat oil medium 2 min. 3. Stir fry pork 5 min. 4. Add peas, egg, rice, cook 3 min. 5. Stir in soy sauce, serve.""",500,10,55,30,5,2,80,150,500,200,30,12,,20,15,18,0.5,1,10,1,5,15,2,0.3,0.2,high-protein
71,Banana Pancakes,Breakfast,100g;1 egg;50ml milk;1 tsp butter;1 tsp honey,flour;banana;egg;milk;butter,"gluten-free flour, almond milk","""1. Mash banana. 2. Mix with flour, egg, milk. 3. Heat butter 1 min. 4. Pour batter, cook 2-3 min per side. 5. Drizzle honey and serve.""",350,5,50,10,3,4,15,400,400,100,150,5,,12,8,5,0.5,1.2,0.2,1.1,8,2,12,5,0.1,vegetarian
72,Avocado Smoothie Bowl,Breakfast,1 avocado;50g oats;100ml almond milk;50g berries;1 tsp chia seeds,avocado;oats;almond milk;berries;chia seeds,none,"""1. Blend avocado, almond milk. 2. Stir in oats. 3. Pour into bowl. 4. Top with berries and chia seeds. 5. Serve chilled.""",300,6,30,8,6,2,90,450,500,60,50,5,,8,6,4,0,1.5,0.3,1.3,12,3,10,4,0.2,"vegan,gluten-free"
73,Strawberry Yogurt Parfait,Breakfast,150g yogurt;50g granola;50g strawberries;1 tsp honey;5g almonds,yogurt;granola;strawberries;honey;almonds,"plant-based yogurt, gluten-free granola","""1. Layer yogurt, granola, strawberries. 2. Drizzle honey. 3. Top with almonds. 4. Chill 5 min. 5. Serve.""",250,3,30,10,4,0,90,500,600,60,200,5,,8,6,4,0.5,1.3,0.2,1.2,10,2,5,2,0.1,"vegetarian,gluten-free"
74,Blueberry Muffins,Breakfast,100g flour;50g sugar;50ml milk;1 egg;1 tsp baking powder,flour;sugar;milk;egg;baking powder,"gluten-free flour, almond milk","""1. Mix dry ingredients. 2. Add milk, egg. 3. Fold in blueberries. 4. Pour into muffin tins. 5. Bake 18-20 min at 180°C.""",320,6,45,8,3,1,0,400,350,80,50,5,,6,5,4,0,0.8,0.2,0.8,6,2,5,2,0.1,vegetarian
75,Spinach and Feta Omelette,Breakfast,3 eggs;50g spinach;30g feta;1 tsp olive oil;1 tbsp milk,eggs;spinach;feta;olive oil;milk,"tofu, plant-based cheese","""1. Beat eggs with milk. 2. Heat olive oil 1 min. 3. Add spinach, cook 2 min. 4. Pour eggs, add feta, cook 3-4 min. 5. Fold omelette and serve.""",280,10,3,20,2,3,30,350,600,90,200,5,,12,8,4,1,1.3,0.3,1.2,6,2,10,5,0.2,vegetarian
76,Peanut Butter Banana Toast,Breakfast,2 slices bread;1 tbsp peanut butter;1 banana;1 tsp honey;1 tsp chia seeds,bread;peanut butter;banana;honey;chia seeds,"gluten-free bread, almond butter","""1. Toast bread 1-2 min. 2. Spread peanut butter. 3. Slice banana on top. 4. Drizzle honey. 5. Sprinkle chia seeds and serve.""",350,8,45,12,4,2,70,150,400,80,50,5,,10,8,5,0,0.9,0.3,0.9,8,3,12,4,0.2,vegetarian
77,Breakfast Burrito,Breakfast,1 tortilla;2 eggs;50g black beans;30g cheese;1 tsp salsa,tortilla;eggs;black beans;cheese;salsa,"gluten-free tortilla, vegan cheese","""1. Scramble eggs 2-3 min. 2. Warm tortilla 1 min. 3. Layer eggs, beans, cheese. 4. Add salsa. 5. Roll and serve.""",400,10,35,20,6,1,20,400,250,100,150,5,,12,8,5,0.5,0.7,0.3,0.7,6,2,10,5,0.2,high-protein
78,Cottage Cheese with Fruit,Breakfast,150g cottage cheese;50g pineapple;50g berries;1 tsp honey;5g walnuts,cottage cheese;pineapple;berries;honey;walnuts,vegan cottage cheese,"""1. Place cottage cheese in bowl. 2. Chop pineapple. 3. Mix fruit with cheese. 4. Drizzle honey. 5. Top with walnuts and serve.""",200,4,15,15,3,2,70,200,250,80,150,5,,8,6,4,0.5,0.8,0.2,0.8,10,2,5,2,0.1,high-protein
79,Apple Cinnamon Oatmeal,Breakfast,50g oats;1 apple;1 tsp cinnamon;100ml milk;1 tsp honey,oats;apple;cinnamon;milk;honey,"almond milk, maple syrup","""1. Cook oats with milk 5 min. 2. Chop apple and add 2 min. 3. Stir in cinnamon and honey. 4. Cook 1 min more. 5. Serve warm.""",250,2,40,8,5,3,0,50,400,80,150,5,,10,8,6,0,1.2,0.2,1.1,10,2,5,2,0.1,vegetarian
80,Mango Smoothie,Breakfast,100g mango;100ml yogurt;50ml orange juice;1 tsp honey;5g flax seeds,mango;yogurt;orange juice;honey;flax seeds,plant-based yogurt,"""1. Blend all ingredients 1-2 min. 2. Pour into glass. 3. Sprinkle flax seeds. 4. Chill 5 min. 5. Serve.""",200,3,30,8,2,12,10,50,300,60,50,5,,8,6,4,0,0.9,0.2,0.9,12,2,5,2,0.1,vegetarian
81,Strawberry Banana Smoothie,Breakfast,100g strawberries;1 banana;100ml milk;1 tsp honey;5g chia seeds,strawberries;banana;milk;honey;chia seeds,almond milk,"""1. Blend all ingredients 1-2 min. 2. Pour into glass. 3. Sprinkle chia seeds. 4. Serve chilled.""",220,2,35,8,4,18,0,150,350,60,50,5,,8,6,4,0,0.6,0.2,0.7,12,2,5,2,0.1,vegetarian
82,Avocado Egg Toast,Breakfast,2 slices bread;1 avocado;2 eggs;1 tsp olive oil;1 tsp salt,bread;avocado;eggs;olive oil;salt,gluten-free bread,"""1. Toast bread 1-2 min. 2. Mash avocado on toast. 3. Fry eggs 3-4 min. 4. Place eggs on toast. 5. Drizzle olive oil and serve.""",350,10,35,15,5,2,50,50,400,90,120,5,,12,8,4,1,1,0.3,0.9,6,2,10,5,0.2,vegetarian
83,Breakfast Quinoa Bowl,Breakfast,50g quinoa;100ml milk;50g berries;1 tsp honey;5g almonds,quinoa;milk;berries;honey;almonds,almond milk,"""1. Cook quinoa 10 min. 2. Pour milk, stir. 3. Add berries and honey. 4. Top with almonds. 5. Serve warm.""",280,4,35,10,5,0,0,150,500,80,50,5,,8,6,4,0,1.1,0.2,1,10,2,5,2,0.1,vegetarian
84,Cinnamon French Toast,Breakfast,2 slices bread;1 egg;50ml milk;1 tsp cinnamon;1 tsp butter,bread;egg;milk;cinnamon;butter,"gluten-free bread, almond milk","""1. Beat egg with milk and cinnamon. 2. Dip bread 1-2 min. 3. Heat butter 1 min. 4. Cook bread 2-3 min per side. 5. Serve warm.""",320,6,40,12,3,3,70,100,450,80,150,5,,10,8,6,0.5,1.3,0.2,1.1,8,2,5,2,0.1,vegetarian
85,Berry Chia Pudding,Breakfast,30g chia seeds;150ml almond milk;50g berries;1 tsp honey;1 tsp vanilla,chia seeds;almond milk;berries;honey;vanilla,any plant-based milk,"""1. Mix chia seeds and almond milk 2 min. 2. Refrigerate 2 hr. 3. Stir and add berries, honey, vanilla. 4. Chill 10 min. 5. Serve.""",220,4,15,6,8,1,0,250,300,60,180,5,,8,6,4,0,1.4,0.2,1.2,10,2,5,2,0.1,"vegan,gluten-free"
86,Pumpkin Spice Oatmeal,Breakfast,50g oats;100ml milk;30g pumpkin puree;1 tsp cinnamon;1 tsp maple syrup,oats;milk;pumpkin;cinnamon;maple syrup,almond milk,"""1. Cook oats with milk 5 min. 2. Add pumpkin, cook 2 min. 3. Stir in cinnamon and maple syrup. 4. Serve warm.""",250,3,35,8,5,3,70,150,250,80,150,5,,8,6,4,0,1.2,0.2,1,8,2,5,2,0.1,vegetarian
87,Peach Greek Yogurt Bowl,Breakfast,150g yogurt;50g peaches;50g granola;1 tsp honey;5g almonds,yogurt;peaches;granola;honey;almonds,"plant-based yogurt, gluten-free granola","""1. Layer yogurt and granola. 2. Add peach slices. 3. Drizzle honey. 4. Sprinkle almonds. 5. Serve chilled.""",250,3,30,10,4,2,0,200,200,60,200,5,,8,6,4,0.5,0.9,0.2,0.8,10,2,5,2,0.1,vegetarian
88,Almond Butter Toast,Breakfast,2 slices bread;1 tbsp almond butter;1 banana;1 tsp chia seeds;1 tsp honey,bread;almond butter;banana;chia seeds;honey,gluten-free bread,"""1. Toast bread 1-2 min. 2. Spread almond butter. 3. Slice banana on top. 4. Sprinkle chia seeds, drizzle honey. 5. Serve.""",350,8,45,12,4,12,0,300,400,80,80,5,,10,8,6,0,1.1,0.3,1.1,8,3,12,4,0.2,vegetarian
89,Breakfast Parfait,Breakfast,150g yogurt;50g granola;50g berries;1 tsp honey;5g flax seeds,yogurt;granola;berries;honey;flax seeds,"plant-based yogurt, gluten-free granola","""1. Layer yogurt and granola. 2. Add berries. 3. Drizzle honey. 4. Sprinkle flax seeds. 5. Serve chilled.""",250,3,30,10,4,15,0,400,450,60,200,5,,8,6,4,0.5,1.5,0.2,1.3,10,2,5,2,0.1,vegetarian
90,Muesli with Berries,Breakfast,50g muesli;100ml milk;50g berries;1 tsp honey;5g almonds,muesli;milk;berries;honey;almonds,"almond milk, gluten-free muesli","""1. Pour milk over muesli. 2. Add berries. 3. Drizzle honey. 4. Sprinkle almonds. 5. Serve.""",280,4,35,10,5,10,70,150,500,80,100,5,,8,6,4,0,0.8,0.2,0.9,10,2,5,2,0.1,vegetarian
91,Trail Mix,Snack,30g almonds;30g cashews;30g raisins;10g pumpkin seeds;10g dark chocolate,almonds;cashews;raisins;pumpkin seeds;dark chocolate,none,"""1. Mix all ingredients in a bowl. 2. Portion into snack bags. 3. Serve immediately or store.""",250,5,20,8,4,2,70,50,400,60,50,0,,5,10,8,0,1.2,0.2,1.2,2,1,5,2,0.1,"vegan,gluten-free"
92,Apple Slices with Peanut Butter,Snack,1 apple;2 tbsp peanut butter;1 tsp honey;1 tsp chia seeds;,apple;peanut butter;honey;chia seeds,"almond butter, agave syrup","""1. Slice apple 5 mm thick. 2. Spread peanut butter on slices. 3. Drizzle honey. 4. Sprinkle chia seeds. 5. Serve immediately.""",220,8,25,6,5,3,70,50,350,60,30,5,,5,8,4,0,1.3,0.3,1.3,4,2,6,1,0.1,"vegetarian,gluten-free"
93,Greek Yogurt with Honey and Walnuts,Snack,150g Greek yogurt;1 tsp honey;15g walnuts;5g cinnamon;,Greek yogurt;honey;walnuts;cinnamon,plant-based yogurt,"""1. Scoop yogurt into bowl. 2. Drizzle honey. 3. Add walnuts. 4. Sprinkle cinnamon. 5. Serve chilled.""",200,4,10,12,1,5,70,200,600,60,200,5,,8,5,4,0.5,1,0.2,1,2,1,5,1,0.1,"vegetarian,gluten-free"
94,Carrot Sticks with Hummus,Snack,100g carrot sticks;50g hummus;1 tsp olive oil;1 tsp lemon juice;,carrot sticks;hummus;olive oil;lemon juice,none,"""1. Wash and cut carrots into sticks. 2. Place hummus in a bowl. 3. Drizzle olive oil and lemon juice. 4. Dip carrot sticks. 5. Serve.""",150,3,12,5,4,3,5,300,650,50,20,5,,2,6,3,0,0.7,0.2,0.8,6,1,5,1,0.1,"vegan,gluten-free"
95,Rice Cakes with Almond Butter,Snack; Breakfast,2 rice cakes;2 tbsp almond butter;1 tsp honey;,rice cakes;almond butter;honey,sunflower seed butter,"""1. Spread almond butter on rice cakes. 2. Drizzle honey. 3. Serve immediately.""",200,6,22,6,3,1,30,250,350,50,30,0,,2,4,3,0,1,0.2,1,3,1,5,1,0.1,"vegan,gluten-free"
96,Banana Chips,Snack,1 banana;1 tsp coconut oil;1 tsp cinnamon;,banana;coconut oil;cinnamon,none,"""1. Slice banana thin. 2. Toss with coconut oil and cinnamon. 3. Bake at 150°C 20 min. 4. Cool and serve.""",150,4,35,1,3,12,15,150,500,40,20,2,,0,5,3,0,1.2,0.2,1.1,4,1,5,1,0.1,"vegan,gluten-free"
97,Energy Balls,Snack,50g oats;30g peanut butter;20g honey;10g chocolate chips;5g chia seeds,oats;peanut butter;honey;chocolate chips;chia seeds,"almond butter, agave syrup, vegan chocolate","""1. Mix all ingredients 2 min. 2. Roll into 10 balls. 3. Chill 10 min. 4. Serve or store.""",250,8,25,8,4,2,70,400,550,50,50,5,,5,8,4,0,1,0.3,1,2,1,5,1,0.1,"vegan,gluten-free"
98,Cheese and Crackers,Snack,30g cheddar;5 crackers;1 tsp olive oil;1 tsp herbs;,cheddar;crackers;olive oil;herbs,gluten-free crackers,"""1. Slice cheese. 2. Arrange on plate with crackers. 3. Drizzle olive oil. 4. Sprinkle herbs. 5. Serve.""",220,6,15,10,1,10,50,500,400,60,250,1,,2,5,3,0.5,0.8,0.2,0.9,3,1,5,1,0.1,vegetarian
99,Cucumber Slices with Guacamole,Snack,100g cucumber;50g guacamole;1 tsp lime juice;,cucumber;guacamole;lime juice,none,"""1. Slice cucumber 5mm thick. 2. Serve with guacamole. 3. Drizzle lime juice. 4. Serve chilled.""",150,3,10,3,2,0,90,150,350,50,20,2,,1,3,2,0,0.7,0.2,0.8,2,1,4,1,0.1,"vegan,gluten-free"
100,Greek Yogurt with Berries,Snack,150g Greek yogurt;50g blueberries;50g strawberries;1 tsp honey;,Greek yogurt;blueberries;strawberries;honey,plant-based yogurt,"""1. Layer yogurt with berries. 2. Drizzle honey. 3. Serve chilled.""",200,4,15,10,4,0,15,300,400,60,200,5,,8,6,4,0.5,0.6,0.2,0.7,10,2,5,2,0.1,"vegetarian,gluten-free"
101,Nut and Seed Bars,Snack,30g almonds;30g sunflower seeds;20g honey;10g oats;5g dried cranberries,almonds;sunflower seeds;honey;oats;cranberries,vegan chocolate chips,"""1. Mix all ingredients 2 min. 2. Press into small tray. 3. Chill 20 min. 4. Cut into bars. 5. Serve.""",250,8,25,8,4,0,70,400,500,50,50,5,,5,8,4,0,0.9,0.3,1,2,1,5,1,0.1,"vegan,gluten-free"
102,Roasted Chickpeas,Snack,100g chickpeas;1 tsp olive oil;1 tsp paprika;,chickpeas;olive oil;paprika,none,"""1. Preheat oven 180°C 5 min. 2. Toss chickpeas with oil and paprika. 3. Roast 20 min. 4. Cool and serve.""",180,3,25,8,5,15,0,250,450,50,30,2,,3,5,3,0,1.3,0.2,1.2,4,1,5,1,0.1,"vegan,gluten-free"
103,Edamame,Snack,100g edamame;1 tsp sea salt;,edamame;sea salt,none,"""1. Boil edamame 5 min. 2. Sprinkle salt. 3. Serve hot or cold.""",120,1,10,10,5,12,70,150,400,50,60,2,,3,5,3,0,0.5,0.2,0.6,4,1,5,1,0.1,"vegan,gluten-free"
104,Celery with Peanut Butter,Snack,2 celery sticks;1 tbsp peanut butter;1 tsp honey;,celery;peanut butter;honey,almond butter; agave,"""1. Spread peanut butter on celery sticks. 2. Drizzle honey. 3. Serve immediately.""",150,6,8,4,2,2,0,150,350,50,20,2,,2,4,3,0,0.6,0.2,0.7,2,1,4,1,0.1,"vegetarian,gluten-free"
105,Mini Caprese Skewers,Snack,10 cherry tomatoes;10 small mozzarella balls;5 fresh basil leaves;1 tsp balsamic,tomatoes;mozzarella;basil;balsamic,vegan cheese,"""""1. Thread tomatoes mozzarella, basil onto skewers. 2. Drizzle balsamic. 3. Serve chilled.""""",120,3,5,8,1,3,0,400,300,50,150,2,,2,4,3,0.5,0.8,0.2,0.9,2,1,4,1,0.1,"vegetarian,gluten-free"
106,Rice Pudding,Snack,50g rice;100ml milk;1 tsp sugar;1 tsp cinnamon;,rice;milk;sugar;cinnamon,almond milk; agave syrup,"""1. Cook rice with milk 10 min. 2. Stir in sugar and cinnamon 2 min. 3. Serve warm or chilled.""",200,4,35,5,2,1,0,200,400,50,150,2,,2,4,3,0.5,1.4,0.2,1.2,2,1,4,1,0.1,vegetarian
107,Fruit Salad,Snack,50g apple;50g orange;50g grapes;1 tsp lemon juice;,apple;orange;grapes;lemon juice,none,"""1. Chop fruits. 2. Mix in bowl. 3. Drizzle lemon juice. 4. Serve chilled.""",120,0,30,1,4,3,70,250,450,40,20,5,,2,4,2,0,1.1,0.1,1.1,10,0,2,0,0,"vegan,gluten-free"
108,Oatmeal Cookies,Snack,50g oats;30g sugar;20g butter;1 egg;5g raisins,oats;sugar;butter;egg;raisins,gluten-free oats; almond milk,"""1. Mix ingredients 2 min. 2. Shape cookies. 3. Bake 12-15 min at 180°C. 4. Cool and serve.""",200,6,25,5,2,2,30,50,250,50,50,2,,2,4,3,0,0.9,0.2,0.9,2,1,4,1,0.1,vegetarian
109,Banana Bread Muffins,Snack; Breakfast,100g flour;50g banana;50ml milk;1 egg;1 tsp baking powder,flour;banana;milk;egg;baking powder,gluten-free flour; almond milk,"""1. Mash banana. 2. Mix with flour, milk, egg. 3. Pour into muffin tins. 4. Bake 18-20 min at 180°C. 5. Cool and serve.""",220,5,35,5,3,0,70,100,300,60,50,5,,3,6,4,0,1.2,0.2,1,4,1,4,1,0.1,vegetarian
110,Chocolate Dipped Strawberries,Snack,10 strawberries;20g dark chocolate;1 tsp coconut oil;,strawberries;dark chocolate;coconut oil,vegan chocolate,"""1. Melt chocolate with coconut oil 2 min. 2. Dip strawberries. 3. Chill 5 min. 4. Serve.""",150,4,15,2,2,3,50,150,400,40,30,2,,1,2,2,0,0.6,0.2,0.6,2,1,2,1,0.1,"vegetarian,gluten-free"