Id,Title
1,Peanut Free
2,Tree Nut Free
3,Dairy Free
4,Egg Free
5,Soy Free
6,Wheat Free
7,Gluten Free
8,Seafood Free
9,Fish Free
10,Shellfish Free
11,Sesame Free
12,Corn Free
13,Garlic Free
14,Onion Free
15,Chili Pepper Free
16,Chocolate Free
17,Vanilla Free
18,Cinnamon Free
19,Lactose Free
20,Low Sodium
21,Low Sugar
22,Low Fat
23,Low Cholesterol
24,Low Purine
25,Low Oxalate
26,Low Fiber / Low Residue
27,High Protein
28,Vegetarian
29,Vegan
30,Pescatarian
31,Kosher
32,Halal
33,Diabetic / Low Glycemic
34,Heart Healthy
35,Renal / Kidney Friendly
36,Liver Friendly
37,Gout Friendly
38,Buddhist Vegetarian
39,Jain Vegetarian
40,Hindu Vegetarian
41,Lacto-Vegetarian
42,Ovo-Vegetarian
43,Lacto-Ovo Vegetarian
44,No Red Meat
45,No Pork
46,No Beef
47,No Alcohol
48,FODMAP Diet
49,Raw Food Diet
50,Ketogenic / Keto
51,Paleo
52,Whole30
53,Intermittent Fasting
54,Anti-Inflammatory
55,Low Histamine
56,Low Nightshade
57,Soy-Free Asian Diet
58,Mediterranean Diet