Dietary_Restriction_ID,Ingredient_ID
1,78
1,158
2,166
2,174
2,160
2,195
2,197
3,5
3,40
3,42
3,43
3,71
3,106
3,120
3,124
3,128
3,138
3,150
4,30
4,51
4,77
4,129
4,137
5,25
5,62
5,79
5,97
6,1
6,127
6,148
6,149
7,1
7,127
7,148
7,149
8,76
8,6
9,31
9,133
10,76
10,6
11,50
11,112
12,38
12,56
13,63
13,46
13,54
14,17
14,46
14,54
14,69
15,88
15,99
16,177
16,180
17,168
17,191
18,162
18,169
19,5
19,40
19,42
19,43
19,71
19,106
19,120
19,124
19,128
19,138
19,150
20,4
20,189
21,7
21,155
21,130
22,43
22,120
22,124
23,106
23,120
23,124
24,76
24,114
25,6
25,11
25,15
26,8
26,27
26,28
26,29
27,20
27,37
27,60
27,114
28,20
28,37
28,38
28,60
28,114
28,142
29,23
29,7
29,27
29,31
29,97
30,31
30,76
31,20
31,37
32,20
32,37
44,60
44,114
45,151
46,114
46,142
47,142