Dietary_restriction_id,recipe_id
1,76
1,92
1,97
2,3
2,73
2,85
2,88
2,95
2,101
3,2
3,13
3,19
3,36
3,52
3,54
3,56
3,58
3,71
3,75
3,80
3,81
3,83
3,84
3,86
3,87
3,90
3,106
3,109
3,110
4,9
4,15
4,20
4,56
4,58
4,63
4,71
4,75
4,77
4,82
4,84
4,108
4,109
5,7
5,17
5,41
5,46
5,55
5,70
6,1
6,12
6,16
6,36
6,49
6,54
6,57
6,61
6,66
6,67
6,68
6,71
6,82
6,84
6,95
6,109
7,1
7,12
7,16
7,36
7,49
7,54
7,57
7,61
7,66
7,67
7,68
7,71
7,82
7,84
7,95
7,109
8,20
8,40
8,60
9,10
9,64
10,20
10,40
10,60
11,14
11,42
12,1
12,16
12,36
12,49
12,57
13,5
13,7
13,11
13,15
13,17
13,35
13,38
13,43
13,46
13,55
13,56
13,70
13,73
13,85
13,97
14,5
14,11
14,13
14,15
14,32
14,33
14,34
14,38
14,43
14,45
14,47
14,51
14,52
14,55
14,63
14,65
14,68
14,69
14,70
14,71
14,74
14,75
14,77
14,79
14,84
14,108
14,109
15,32
15,62
15,70
15,74
16,91
16,97
16,110
17,85
17,110
18,79
18,84
19,2
19,13
19,19
19,36
19,49
19,52
19,54
19,56
19,58
19,71
19,75
19,80
19,81
19,83
19,84
19,86
19,87
19,90
19,106
19,109
19,110
20,1
20,2
20,4
20,5
20,6
20,7
20,12
20,13
20,16
20,17
20,19
20,32
20,33
20,34
20,35
20,36
20,37
20,38
20,40
20,41
20,42
20,43
20,44
20,45
20,46
20,47
20,48
20,49
20,50
20,51
20,52
20,54
20,55
20,56
20,57
20,59
20,61
20,62
20,63
20,64
20,65
20,66
20,67
20,68
20,69
20,70
20,71
20,72
20,73
20,74
20,75
20,76
20,77
20,78
20,79
20,80
20,81
20,82
20,83
20,84
20,85
20,86
20,87
20,88
20,89
20,90
20,91
20,92
20,93
20,94
20,95
20,96
20,97
20,98
20,99
20,100
21,2
21,3
21,20
21,31
21,32
21,35
21,41
21,42
21,50
21,56
21,71
21,73
21,76
21,77
21,79
21,80
21,81
21,83
21,85
21,87
21,88
21,89
21,90
21,91
21,92
21,93
21,95
21,97
21,100
22,2
22,6
22,7
22,12
22,13
22,16
22,17
22,19
22,20
22,31
22,32
22,34
22,35
22,36
22,37
22,38
22,40
22,41
22,42
22,43
22,44
22,45
22,46
22,47
22,48
22,49
22,50
22,51
22,52
22,54
22,55
22,56
22,57
22,59
22,61
22,62
22,63
22,64
22,65
22,66
22,67
22,68
22,69
22,70
22,71
22,72
22,73
22,74
22,75
22,76
22,77
22,78
22,79
22,80
22,81
22,82
22,83
22,84
22,85
22,86
22,87
22,88
22,89
22,90
22,91
22,92
22,93
22,94
22,95
22,96
22,97
22,98
22,99
22,100
23,2
23,6
23,12
23,13
23,16
23,17
23,19
23,20
23,31
23,32
23,34
23,35
23,36
23,37
23,38
23,40
23,41
23,42
23,43
23,44
23,45
23,46
23,47
23,48
23,49
23,50
23,51
23,52
23,54
23,55
23,56
23,57
23,59
23,61
23,62
23,63
23,64
23,65
23,66
23,67
23,68
23,69
23,70
23,71
23,72
23,73
23,74
23,75
23,76
23,77
23,78
23,79
23,80
23,81
23,82
23,83
23,84
23,85
23,86
23,87
23,88
23,89
23,90
23,91
23,92
23,93
23,94
23,95
23,96
23,97
23,98
23,99
23,100
49,33
49,36
49,39
49,41
50,3
50,6
50,7
50,9
50,12
50,17
50,34
50,35
50,38
50,42
50,46
50,49
51,6
51,34
51,42
51,49
52,1
52,3
52,8
52,31
52,33
52,36
52,39
52,41
52,43
52,45
52,47
53,1
53,3
53,8
53,31
53,33
53,36
53,39
53,41
53,43
53,45
53,47
54,6
54,7
54,9
54,12
54,17
54,34
54,36
54,42
54,46
54,49
55,32
55,33
55,35
55,47
55,56
56,4
56,32
56,35
56,37
56,39
56,47
57,7
57,35
57,46
57,55
58,31
58,33
58,36
58,39
58,41
58,49