disease_id,ingredient_id,disease_ingredient_id
1,155,1
1,130,2
1,7,3
1,180,4
1,203,5
1,177,6
1,200,7
1,1,8
1,21,9
1,104,10
1,113,11
1,118,12
2,4,13
2,189,14
2,25,15
2,62,16
2,79,17
2,66,18
2,111,19
2,41,20
2,40,21
2,124,22
3,43,23
3,122,24
3,132,25
3,114,26
3,151,27
3,139,28
3,120,29
3,124,30
3,71,31
3,106,32
3,121,33
3,60,34
4,9,35
4,2,36
4,29,37
4,82,38
4,108,39
4,134,40
4,13,41
4,109,42
4,146,43
4,131,44
4,15,45
4,166,46
4,174,47
4,197,48
4,170,49
4,193,50
4,128,51
5,4,52
5,189,53
5,25,54
5,62,55
5,79,56
5,66,57
6,3,58
6,7,59
6,43,60
6,122,61
6,179,62
7,1,63
7,104,64
7,113,65
7,118,66
7,127,67
7,144,68
7,147,69
7,148,70
7,149,71
7,156,72
8,17,73
8,46,74
8,54,75
8,63,76
8,88,77
8,187,78
8,210,79
8,155,80
8,177,81
8,200,82
9,7,83
9,155,84
9,132,85
9,151,86
9,114,87
9,139,88
9,41,89
9,145,90
10,25,91
10,62,92
10,79,93
10,66,94
10,68,95
10,49,96
11,155,97
11,130,98
11,7,99
11,180,100
11,203,101
11,177,102
11,200,103
11,1,104
11,21,105
11,104,106
11,113,107
11,118,108
12,155,109
12,130,110
12,7,111
12,180,112
12,203,113
12,177,114
12,200,115
12,139,116
12,43,117
12,122,118
12,120,119
12,124,120
13,4,121
13,189,122
13,25,123
13,62,124
13,79,125
13,66,126
13,9,127
13,2,128
13,29,129
13,82,130
13,108,131
13,134,132
13,146,133
13,131,134
13,15,135
13,166,136
13,174,137
13,197,138
14,4,139
14,189,140
14,25,141
14,62,142
14,79,143
14,66,144
14,9,145
14,2,146
14,29,147
14,82,148
14,108,149
14,134,150
14,146,151
14,131,152
14,15,153
14,166,154
14,174,155
14,197,156
15,4,157
15,189,158
15,25,159
15,62,160
15,79,161
15,66,162
15,9,163
15,2,164
15,29,165
15,82,166
15,108,167
15,134,168
15,146,169
15,131,170
15,15,171
15,166,172
15,174,173
15,197,174
16,155,175
16,130,176
16,7,177
16,180,178
16,203,179
16,177,180
16,200,181
16,1,182
16,21,183
16,104,184
17,155,185
17,130,186
17,7,187
17,180,188
17,203,189
17,177,190
17,200,191
17,1,192
17,21,193
17,104,194
17,113,195
18,155,196
18,130,197
18,7,198
18,180,199
18,203,200
18,177,201
18,200,202
18,1,203
18,21,204
18,104,205
19,155,206
19,130,207
19,7,208
19,180,209
19,203,210
19,177,211
19,200,212
19,43,213
19,122,214
19,120,215
19,124,216
20,43,217
20,122,218
20,132,219
20,114,220
20,151,221
20,139,222
20,120,223
20,124,224
20,71,225
20,106,226
21,114,227
21,151,228
21,132,229
21,60,230
21,76,231
21,133,232
21,31,233
22,1,234
22,104,235
22,113,236
22,118,237
22,127,238
22,144,239
22,147,240
22,148,241
22,149,242
23,17,243
23,46,244
23,54,245
23,63,246
23,88,247
23,187,248
24,17,249
24,46,250
24,54,251
24,63,252
24,88,253
24,187,254
24,155,255
24,177,256
24,200,257
25,132,258
25,114,259
25,151,260
25,43,261
25,122,262
25,120,263
26,132,264
26,114,265
26,151,266
26,43,267
26,122,268
26,120,269
27,155,270
27,130,271
27,7,272
27,180,273
27,203,274
27,177,275
27,200,276
27,189,277
28,155,278
28,130,279
28,7,280
28,180,281
28,203,282
28,177,283
28,200,284
28,189,285
29,43,286
29,122,287
29,132,288
29,114,289
29,151,290
29,139,291
29,120,292
30,43,293
30,122,294
30,132,295
30,114,296
30,151,297
30,139,298
31,43,299
31,122,300
31,132,301
31,114,302
31,151,303
31,139,304
32,43,305
32,122,306
32,132,307
32,114,308
32,151,309
32,139,310
33,43,311
33,122,312
33,132,313
33,114,314
33,151,315
33,139,316
34,132,317
34,114,318
34,151,319
35,132,320
35,114,321
35,151,322
36,132,323
36,114,324
36,151,325
37,114,326
37,60,327
37,151,328
37,132,329
37,31,330
38,132,331
38,114,332
38,151,333
38,7,334
38,155,335
38,43,336
38,122,337
39,155,338
39,7,339
39,132,340
39,114,341
39,151,342
39,43,343
39,122,344
39,120,345
40,155,346
40,7,347
40,132,348
40,114,349
40,151,350
40,43,351
40,122,352
41,155,353
41,7,354
41,132,355
41,114,356
41,151,357
41,43,358
41,122,359
42,155,360
42,130,361
42,180,362
42,203,363
42,43,364
42,122,365
42,120,366
42,124,367
43,155,368
43,130,369
43,180,370
43,203,371
43,189,372
44,177,373
44,200,374
44,159,375
44,164,376
44,41,377
44,145,378
44,50,379
45,40,380
45,71,381
45,157,382
45,158,383
45,78,384
45,174,385
45,197,386
46,155,387
46,7,388
46,177,389
46,200,390
46,158,391
46,78,392
46,174,393
46,197,394
46,43,395
46,122,396
47,43,397
47,122,398
47,155,399
47,177,400
47,200,401
47,203,402
48,4,403
48,189,404
48,25,405
48,62,406
48,79,407
48,66,408
49,155,409
49,177,410
49,200,411
49,180,412
49,203,413
49,43,414
49,122,415
50,43,416
50,122,417
50,114,418
50,151,419
50,132,420
50,155,421
50,177,422
50,200,423
51,4,424
51,189,425
51,25,426
51,62,427
51,79,428
51,66,429
51,9,430
51,2,431
51,29,432
51,82,433
51,108,434
51,134,435
51,131,436
52,4,437
52,189,438
52,25,439
52,62,440
52,79,441
52,66,442
52,9,443
52,2,444
52,29,445
52,82,446
52,108,447
52,134,448
52,131,449
53,4,450
53,189,451
53,25,452
53,62,453
53,79,454
53,66,455
53,9,456
53,2,457
53,29,458
53,82,459
53,108,460
53,134,461
53,131,462
53,15,463
53,166,464
53,174,465
53,197,466
54,155,467
54,7,468
54,132,469
54,114,470
54,151,471
54,43,472
54,122,473
54,120,474
55,114,475
55,151,476
55,132,477
55,60,478
55,76,479
55,133,480
55,31,481
56,155,482
56,7,483
56,41,484
56,145,485
56,164,486
56,13,487
56,109,488
56,44,489
57,160,490
57,174,491
57,197,492
57,185,493
57,199,494
58,160,495
58,174,496
58,197,497
58,185,498
58,199,499
58,15,500
58,131,501
59,155,502
59,130,503
59,7,504
59,180,505
59,203,506
59,177,507
59,200,508
60,155,509
60,130,510
60,180,511
60,203,512
60,177,513
60,200,514
60,189,515
61,155,516
61,130,517
61,7,518
61,180,519
61,203,520
61,177,521
61,200,522
61,1,523
61,21,524
61,104,525
61,113,526
61,118,527
62,4,528
62,189,529
62,25,530
62,62,531
62,79,532
62,66,533
62,111,534
62,41,535
62,40,536
62,124,537
63,43,538
63,122,539
63,132,540
63,114,541
63,151,542
63,139,543
63,120,544
63,124,545
63,71,546
63,106,547
63,121,548
63,60,549
64,155,550
64,130,551
64,7,552
64,180,553
64,203,554
64,177,555
64,200,556
64,139,557
64,43,558
64,122,559
64,120,560
64,124,561
65,4,562
65,189,563
65,25,564
65,62,565
65,79,566
65,66,567
66,3,568
66,7,569
66,43,570
66,122,571
66,179,572
67,160,573
67,174,574
67,197,575
67,185,576
67,199,577
68,160,578
68,174,579
68,197,580
68,185,581
68,199,582
68,15,583
68,131,584
69,4,585
69,189,586
69,25,587
69,62,588
69,79,589
69,66,590
69,9,591
69,2,592
69,29,593
69,82,594
69,108,595
69,134,596
69,146,597
69,131,598
69,15,599
69,166,600
69,174,601
69,197,602
70,43,603
70,122,604
70,132,605
70,114,606
70,151,607
70,139,608
70,120,609
70,124,610
70,71,611
70,106,612
70,121,613
70,60,614
71,128,615
71,170,616
71,193,617
71,121,618
72,10,619
72,5,620
72,138,621
72,170,622
72,193,623
73,5,624
73,138,625
73,40,626
73,121,627
73,124,628
73,106,629
74,78,630
74,158,631
74,154,632
74,175,633
74,186,634
74,207,635
74,185,636
75,155,637
75,130,638
75,7,639
75,180,640
75,203,641
75,177,642
75,200,643
75,43,644
75,122,645
76,155,646
76,130,647
76,7,648
76,180,649
76,203,650
76,177,651
76,200,652
76,43,653
76,122,654
77,43,655
77,122,656
77,132,657
77,114,658
77,151,659
77,139,660
77,120,661
78,43,662
78,122,663
78,132,664
78,114,665
78,151,666
78,139,667
78,120,668
79,155,669
79,177,670
79,200,671
79,180,672
79,203,673
80,155,674
80,7,675
80,177,676
80,200,677
80,180,678
80,203,679
81,155,680
81,130,681
81,7,682
81,180,683
81,203,684
81,177,685
81,200,686
81,43,687
81,122,688
82,155,689
82,130,690
82,7,691
82,180,692
82,203,693
82,177,694
82,200,695
82,43,696
82,122,697
83,10,698
83,5,699
83,138,700
83,170,701
83,193,702
83,166,703
84,177,704
84,200,705
84,180,706
84,203,707
84,41,708
84,145,709
85,155,710
85,130,711
85,7,712
85,180,713
85,203,714
85,177,715
85,200,716
85,43,717
85,122,718
86,155,719
86,130,720
86,7,721
86,180,722
86,203,723
86,177,724
86,200,725
87,155,726
87,130,727
87,7,728
87,180,729
87,203,730
87,177,731
87,200,732
88,155,733
88,7,734
88,203,735
88,180,736
88,177,737
88,200,738
89,155,739
89,7,740
89,203,741
89,180,742
89,177,743
89,200,744
90,155,745
90,130,746
90,7,747
90,180,748
90,203,749
90,177,750
90,200,751
91,155,752
91,130,753
91,7,754
91,180,755
91,203,756
91,177,757
91,200,758
91,43,759
91,122,760
92,155,761
92,130,762
92,7,763
92,180,764
92,203,765
92,177,766
92,200,767
92,43,768
92,122,769
93,155,770
93,130,771
93,7,772
93,180,773
93,203,774
93,177,775
93,200,776
93,43,777
93,122,778
94,65,779
94,155,780
94,180,781
94,203,782
94,177,783
94,200,784
95,65,785
95,155,786
95,180,787
95,203,788
95,177,789
95,200,790
95,43,791
95,122,792
96,155,793
96,7,794
96,180,795
96,203,796
96,177,797
96,200,798
96,43,799
96,122,800
97,155,801
97,7,802
97,180,803
97,203,804
97,177,805
97,200,806
97,43,807
97,122,808
98,155,809
98,7,810
98,180,811
98,203,812
98,177,813
98,200,814
98,43,815
98,122,816
99,155,817
99,7,818
99,180,819
99,203,820
99,177,821
99,200,822
99,43,823
99,122,824
100,27,468
100,21,469
100,15,470
100,16,471
100,12,472
101,158,473
102,166,474
102,174,475
103,128,476
103,5,477
103,138,478
104,30,479
105,23,480
105,25,481
106,1,482
106,127,483
107,76,484
107,76,485
108,31,486
108,133,487
109,112,488
110,147,489
111,180,490
112,154,491
113,13,492
114,63,493
115,140,494
116,208,495
153,76,532
158,2,537
160,171,539
161,161,540
162,9,541
163,184,542
165,6,544
169,154,548
170,13,549
171,46,550
173,63,552
174,88,553
175,162,554
180,180,555
183,1,556
184,1,557
185,128,558
186,5,559