ID,Title,Description,related_diseases,low_calories_kcal,high_calories_kcal,low_saturated_fat_g,high_saturated_fat_g,low_carbs_g,high_carbs_g,low_protein_g,high_protein_g,low_fiber_g,high_fiber_g,low_sugar_g,high_sugar_g,low_cholesterol_mg,high_cholesterol_mg,low_sodium_mg,high_sodium_mg,low_potassium_mg,high_potassium_mg,low_iron_mg,high_iron_mg,low_calcium_mg,high_calcium_mg,low_phosphorus_mg,high_phosphorus_mg,low_magnesium_mg,high_magnesium_mg,low_vitamin_a_ug,high_vitamin_a_ug,low_vitamin_b_mg,high_vitamin_b_mg,low_vitamin_c_mg,high_vitamin_c_mg,low_vitamin_d_ug,high_vitamin_d_ug,low_vitamin_e_mg,high_vitamin_e_mg,"low_vitamin_k_ug = models.FloatField(blank=True, null=True)",high_vitamin_k_ug,low_zinc_mg,high_zinc_mg,low_iodine_ug,high_iodine_ug,low_selenium_ug,high_selenium_ug,low_copper_mg,high_copper_mg,low_fluoride_mg,high_fluoride_mg,low_chromium_mg,high_chromium_mg
1,Diabetes Type 2,"Type 2 diabetes is a chronic condition that affects how the body metabolizes glucose. It often requires lifestyle changes, medication, and monitoring to manage blood sugar levels.","May be associated with obesity, hypertension, and heart disease.",1200,1800,0,10,180,300,50,100,25,40,0,25,66,200,1500,2300,3500,4700,8,17,1000,1200,800,1250,320,420,700,900,1.2,2.4,75,90,10,20,12,15,90,120,8,11,150,150,55,55,0.9,0.9,1,4,0.02,0.035
2,Hypertension,"Hypertension, or high blood pressure, is a condition where the force of blood against artery walls is consistently too high. It increases the risk of heart attack, stroke, and kidney disease.","May be associated with heart disease, diabetes, and kidney disease.",1200,2000,0,7,170,280,50,120,25,35,0,30,66,200,1000,1500,3500,4700,8,17,900,1100,700,1250,320,420,700,900,1.2,2.4,75,90,10,20,12,15,90,120,8,11,150,150,55,55,0.9,0.9,1,4,0.02,0.035
3,Heart Disease,"Heart disease encompasses a range of conditions affecting the heart, including coronary artery disease and heart failure. Treatment focuses on lifestyle modification, medication, and sometimes surgical intervention.","May be associated with hypertension, hyperlipidemia, and diabetes.",1200,2000,0,6,220,350,60,120,25,40,0,25,16,150,1200,1500,3500,4700,8,17,1000,1300,700,1250,320,420,700,900,1.2,2.4,75,90,10,20,12,15,90,120,8,11,150,150,55,55,0.9,0.9,1,4,0.02,0.035
4,Kidney Disease,"Kidney disease refers to the gradual loss of kidney function over time. Management includes controlling underlying conditions, diet modifications, and sometimes dialysis or transplantation.","May be associated with diabetes, hypertension, and heart disease.",1200,1800,0,7,120,200,50,80,20,30,0,30,66,200,1000,2000,2000,3000,8,18,1000,1300,700,1000,240,320,700,900,1.2,2.4,75,90,10,20,12,15,90,120,8,11,150,150,55,55,0.9,0.9,1,4,0.02,0.035
5,Osteoporosis,"Osteoporosis is a condition characterized by weakened bones that are more prone to fractures. Prevention and treatment focus on diet, exercise, and medications that strengthen bone density.","May be associated with vitamin D deficiency, menopause, and calcium deficiency.",1400,2200,0,10,150,250,60,120,30,45,0,35,166,300,1200,2300,3500,4700,8,18,1000,1200,700,1250,320,420,700,900,1.2,2.4,75,90,15,25,12,15,90,120,8,11,150,150,55,55,0.9,0.9,1,4,0.02,0.035
6,Iron Deficiency Anemia,"Iron deficiency anemia occurs when the body lacks enough iron to produce adequate hemoglobin. Symptoms include fatigue, weakness, and pale skin, and treatment involves iron supplementation and dietary changes.","May be associated with chronic blood loss, pregnancy, and gastrointestinal disorders.",1400,2200,0,10,150,280,60,120,20,30,0,35,166,300,1500,2300,3500,4700,15,30,1000,1200,600,1250,320,420,700,900,1.2,2.4,75,90,10,20,12,15,90,120,8,11,150,150,55,55,0.9,0.9,1,4,0.02,0.035
7,Celiac Disease,Celiac disease is an autoimmune disorder where ingestion of gluten damages the small intestine. Management requires a strict gluten-free diet to prevent symptoms and complications.,"May be associated with type 1 diabetes, thyroid disorders, and anemia.",1400,2200,0,10,180,300,60,120,18,28,0,35,166,300,1500,2300,3500,4700,8,17,1000,1200,900,1250,320,420,700,900,1.2,2.4,75,90,10,20,12,15,90,120,8,11,150,150,55,55,0.9,0.9,1,4,0.02,0.035
8,Inflammatory Bowel Disease,"Inflammatory bowel disease (IBD) includes chronic conditions like Crohn's disease and ulcerative colitis, causing inflammation of the digestive tract. Treatment involves medication, diet management, and sometimes surgery.","May be associated with arthritis, skin disorders, and malnutrition.",1600,2400,0,8,120,180,70,140,15,25,0,30,166,300,1500,2300,3500,4700,8,18,800,1000,900,1250,320,420,700,900,1.2,2.4,75,90,10,20,12,15,90,120,8,11,150,150,55,55,0.9,0.9,1,4,0.02,0.035
9,Liver Disease,"Liver disease encompasses conditions that impair liver function, such as hepatitis, fatty liver, and cirrhosis. Management focuses on treating the underlying cause and lifestyle modifications to reduce liver strain.","May be associated with obesity, diabetes, and alcohol use.",1400,2000,0,7,80,150,60,100,25,35,0,30,66,200,1000,2000,3500,4700,8,17,1200,1500,700,1250,320,420,900,900,1.2,2.4,75,90,10,20,12,15,90,120,8,11,150,150,55,55,0.9,0.9,1,4,0.02,0.035
10,Thyroid Disorders,"Thyroid disorders occur when the thyroid gland produces too much or too little hormone, affecting metabolism and energy levels. Treatment may involve hormone replacement, medication, or surgery depending on the type.","May be associated with autoimmune disorders, heart disease, and depression.",1400,2200,0,10,250,400,60,120,28,38,0,35,166,300,1500,2300,3500,4700,8,18,1200,1500,700,1250,320,420,900,900,1.2,2.4,75,90,10,20,12,15,90,120,8,11,150,300,55,55,0.9,0.9,1,4,0.02,0.035
11,Type 1 Diabetes,"Type 1 diabetes is an autoimmune condition where the body attacks insulin-producing cells in the pancreas. Management requires insulin therapy, blood sugar monitoring, and lifestyle adjustments.","May be associated with thyroid disorders, celiac disease, and heart disease.",1300,1800,0,10,80,160,60,110,27,37,0,20,46,180,1400,2100,3600,4700,10,20,1000,1200,700,1200,300,420,700,900,1.2,2.5,80,95,12,20,15,18,95,120,9,12,150,150,60,60,0.9,1,1,4,0.02,0.04
12,Obesity,"Obesity is a condition characterized by excessive body fat that increases the risk of health problems. Management includes diet, physical activity, behavioral changes, and sometimes medication or surgery.","May be associated with type 2 diabetes, hypertension, and heart disease.",1500,2000,0,8,180,300,50,100,28,38,0,20,16,150,1200,1600,3500,4700,8,18,900,1100,700,1250,350,450,900,1000,1,2,70,90,10,15,10,20,80,110,7,10,140,180,50,60,0.9,1.2,1,4,0.02,0.04
13,Chronic Kidney Disease Stage 3,"Stage 3 chronic kidney disease indicates moderate kidney damage with a decreased ability to filter waste. Management focuses on controlling underlying conditions, diet, and monitoring kidney function.","May be associated with hypertension, diabetes, and cardiovascular disease.",1000,1500,0,6,150,250,50,90,30,40,0,25,46,180,800,1500,1800,2800,8,15,1000,1300,800,900,200,300,700,700,1,2,60,80,10,15,8,12,60,90,7,9,100,120,40,50,0.8,1,1,3,0.02,0.03
14,Chronic Kidney Disease Stage 4,"Stage 4 chronic kidney disease represents severe kidney damage with a significant reduction in kidney function. Treatment may include dietary restrictions, medications, and preparation for dialysis or transplant.","May be associated with hypertension, diabetes, and heart disease.",900,1400,0,5,100,180,45,85,18,28,0,20,46,180,700,1400,1700,2700,7,14,1000,1300,700,800,180,280,400,600,1,1.8,55,75,10,15,8,12,55,85,6,8,90,110,35,45,0.8,1,1,3,0.02,0.03
15,Chronic Kidney Disease Stage 5,"Stage 5 chronic kidney disease is kidney failure where the kidneys function at less than 15% capacity. Management includes dialysis, kidney transplantation, and strict control of contributing conditions.","May be associated with hypertension, diabetes, and cardiovascular complications.",800,1300,0,4,180,300,40,80,15,25,0,18,46,180,600,1300,1600,2600,7,13,1000,1200,700,780,160,260,300,580,1,1.5,50,70,10,15,8,12,50,80,6,8,85,105,30,45,0.8,1,1,3,0.02,0.03
16,Polycystic Ovary Syndrome,"Polycystic ovary syndrome (PCOS) is a hormonal disorder causing irregular periods, ovarian cysts, and metabolic issues. Treatment may include lifestyle changes, medication for hormone regulation, and fertility management.","May be associated with insulin resistance, obesity, and type 2 diabetes.",1400,2000,0,9,180,300,50,100,25,35,0,30,46,180,1100,1500,3500,4700,10,22,1000,1200,600,1200,300,420,700,900,1.2,2.4,75,90,10,20,12,18,90,120,8,12,150,200,55,60,0.9,1.2,1,4,0.02,0.04
17,Gestational Diabetes,"Gestational diabetes develops during pregnancy and affects how the body processes sugar. Management includes blood sugar monitoring, diet, and sometimes insulin therapy to protect maternal and fetal health.","May be associated with obesity, type 2 diabetes, and hypertension.",1800,2400,0,8,200,320,60,110,28,38,0,25,46,180,1200,1600,3500,4700,12,24,1000,1200,600,1250,320,420,700,900,1.2,2.4,80,100,15,25,12,18,90,120,8,12,170,220,60,70,1,1.3,1,4,0.03,0.05
18,PCOS with Insulin Resistance,"PCOS with insulin resistance combines hormonal imbalance with reduced insulin sensitivity. Management focuses on lifestyle changes, medications to improve insulin sensitivity, and hormone regulation.","May be associated with obesity, type 2 diabetes, and metabolic syndrome.",1500,2000,0,8,180,300,55,100,27,37,0,25,46,180,1150,1500,3600,4700,12,24,800,1000,700,1250,320,420,700,900,1.2,2.4,80,100,15,25,12,18,90,120,8,12,150,200,55,65,0.9,1.2,1,4,0.02,0.04
19,Metabolic Syndrome,"Metabolic syndrome is a cluster of conditions including high blood pressure, high blood sugar, excess abdominal fat, and abnormal cholesterol levels. Management focuses on lifestyle modifications and treating each component condition.","May be associated with obesity, type 2 diabetes, and heart disease.",1400,2000,0,8,150,250,55,105,28,38,0,25,46,180,1150,1500,3500,4700,10,22,1200,1500,800,1250,320,420,700,900,1.1,2.3,75,90,10,20,10,18,85,115,8,11,150,180,50,60,0.9,1.2,1,4,0.02,0.04
20,Hyperlipidemia,"Hyperlipidemia is a condition characterized by elevated levels of lipids in the blood, increasing cardiovascular risk. Management includes diet, exercise, and sometimes lipid-lowering medications.","May be associated with heart disease, obesity, and diabetes.",1300,1900,0,6,150,250,50,100,30,40,0,15,16,150,1000,1500,3500,4700,10,20,1200,1500,700,1200,300,400,900,900,1.1,2.2,70,90,10,18,10,18,85,115,8,10,140,180,50,60,0.9,1.2,1,4,0.02,0.04
21,Gout,"Gout is a form of inflammatory arthritis caused by excess uric acid forming crystals in the joints. Management includes diet changes, medications to lower uric acid, and lifestyle modifications.","May be associated with obesity, hypertension, and kidney disease.",1400,2000,0,8,180,300,50,90,29,45,0,20,46,180,900,1400,3500,4700,10,17,1000,1200,700,1100,280,380,700,880,1,2.1,70,90,10,18,10,18,75,105,7,10,140,180,50,60,0.9,1.2,1,4,0.02,0.04
22,Gluten Intolerance,Gluten intolerance causes digestive symptoms after consuming gluten without the autoimmune response seen in celiac disease. Management involves a gluten-free diet to reduce discomfort and prevent complications.,"May be associated with irritable bowel syndrome, fatigue, and nutrient deficiencies.",1400,2000,0,8,180,300,50,100,20,30,0,25,46,180,1100,1500,3500,4700,10,17,900,1100,700,1250,300,420,700,900,1.2,2.4,75,90,10,20,12,18,90,120,8,11,150,200,55,60,0.9,1.2,1,4,0.02,0.04
23,Ulcerative Colitis (Remission),"Ulcerative colitis in remission is when inflammation of the colon is minimal or absent, and symptoms are controlled. Maintenance therapy and diet management are important to prevent flare-ups.","May be associated with arthritis, skin disorders, and anemia.",1600,2300,0,8,180,300,60,120,17,28,0,20,46,180,1200,1700,3500,4700,10,17,1000,1300,900,1250,320,420,700,900,1.2,2.4,75,90,15,25,12,18,90,120,8,11,150,180,55,65,0.9,1.2,1,4,0.02,0.04
24,Ulcerative Colitis (Active),"Active ulcerative colitis involves ongoing inflammation of the colon with symptoms such as diarrhea, bleeding, and abdominal pain. Treatment includes medications, dietary adjustments, and sometimes surgery.","May be associated with arthritis, malnutrition, and liver disorders.",1600,2300,0,7,180,300,55,110,15,25,0,15,46,180,1100,1600,3500,4700,10,18,1000,1300,800,1150,300,400,700,900,1.2,2.4,75,90,15,25,12,18,85,115,7,10,140,180,50,60,0.9,1.2,1,4,0.02,0.04
25,COPD,"Chronic obstructive pulmonary disease (COPD) is a progressive lung condition that causes airflow obstruction and breathing difficulties. Management includes medications, pulmonary rehabilitation, and lifestyle changes such as smoking cessation.","May be associated with chronic bronchitis, emphysema, and cardiovascular disease.",1400,2000,0,7,250,400,50,90,24,35,0,20,16,150,1100,1500,3500,4700,8,18,1000,1200,700,1200,280,380,700,900,1.1,2.3,70,90,10,18,10,18,80,110,7,10,140,180,50,60,0.9,1.2,1,4,0.02,0.04
26,Asthma (Active),"Active asthma is a condition where the airways are inflamed and constricted, causing wheezing, coughing, and shortness of breath. Management includes inhalers, medications, and avoiding triggers.","May be associated with allergies, eczema, and respiratory infections.",1400,2000,0,8,220,350,50,90,27,38,0,20,16,150,1100,1500,3500,4700,10,30,1000,1200,700,1200,300,420,700,900,1.2,2.4,80,100,12,20,12,18,85,115,7,10,140,180,50,60,1,1.3,1,4,0.02,0.04
27,Anxiety (Nutrition Focused),"Nutrition-focused anxiety management explores how diet and nutrient intake influence anxiety symptoms. Strategies may include maintaining stable blood sugar, avoiding stimulants, and supporting gut health.","May be associated with depression, sleep disorders, and digestive issues.",1500,2100,0,8,150,250,55,95,27,37,0,20,16,150,1200,1600,3500,4700,10,17,1000,1200,700,1250,320,420,700,900,1.2,2.4,75,90,15,25,12,18,90,120,8,11,150,180,50,60,0.9,1.2,1,4,0.02,0.04
28,Depression (Nutrition Focused),"Nutrition-focused depression management considers dietary patterns and nutrient deficiencies that can impact mood. Interventions include balanced meals, omega-3 fatty acids, and micronutrient support.","May be associated with anxiety, obesity, and cardiovascular disease.",1500,2100,0,8,150,250,55,95,27,38,0,20,16,150,1200,1600,3500,4700,10,18,800,1000,700,1250,320,420,700,900,1.2,2.4,75,90,15,25,12,18,90,120,8,11,150,180,50,60,0.9,1.2,1,4,0.02,0.04
29,Alzheimer’s Disease (Early),"Early-stage Alzheimer’s disease involves mild memory loss and cognitive decline that gradually progresses. Management focuses on cognitive support, lifestyle interventions, and medications to slow progression.","May be associated with cardiovascular disease, diabetes, and depression.",1500,2000,0,8,180,300,55,95,30,40,0,20,16,150,1100,1500,3500,4700,10,17,1200,1500,700,1250,300,400,700,900,1.1,2.3,70,90,10,18,10,18,85,115,7,10,140,180,50,60,0.9,1.2,1,4,0.02,0.04
30,Parkinson’s Disease,"Parkinson’s disease is a progressive neurological disorder that affects movement, causing tremors, stiffness, and slowed coordination. Management includes medications, physical therapy, and lifestyle adaptations to maintain function.","May be associated with depression, anxiety, and cognitive decline.",1500,2000,0,8,180,300,55,95,25,36,0,20,16,150,1100,1500,3500,4700,10,18,1200,1500,700,1250,300,400,700,900,1.1,2.3,70,90,10,18,10,18,85,115,7,10,140,180,50,60,0.9,1.2,1,4,0.02,0.04
31,Multiple Sclerosis,"Multiple sclerosis (MS) is an autoimmune condition where the immune system attacks the protective covering of nerves, causing communication problems between the brain and body. Management focuses on medications to reduce relapses and symptom-focused therapies.","May be associated with fatigue, depression, and muscle weakness.",1600,2200,0,7,180,300,55,100,25,35,0,20,16,150,1100,1600,3500,4700,10,20,1000,1200,700,1200,300,400,700,900,1.2,2.4,75,90,10,20,12,18,90,120,8,11,150,180,50,60,0.9,1.2,1,4,0.02,0.04
32,Rheumatoid Arthritis,"Rheumatoid arthritis is a chronic autoimmune disorder causing inflammation and pain in the joints. Treatment includes medications, physical therapy, and lifestyle modifications to preserve mobility and reduce inflammation.","May be associated with cardiovascular disease, osteoporosis, and depression.",1500,2100,0,8,200,320,55,100,28,38,0,25,16,150,1200,1600,3500,4700,10,18,900,1100,700,1250,320,420,700,900,1.2,2.4,75,90,15,25,12,18,90,120,8,12,150,200,55,65,0.9,1.2,1,4,0.02,0.04
33,Lupus,"Lupus is an autoimmune disease where the immune system attacks healthy tissues, affecting joints, skin, kidneys, and other organs. Management includes medications, lifestyle adjustments, and monitoring organ function to prevent flare-ups.","May be associated with kidney disease, anemia, and cardiovascular disease.",1500,2100,0,8,180,300,55,100,27,38,0,25,16,150,1200,1600,3500,4700,10,15,1000,1300,700,1250,320,420,700,900,1.2,2.4,75,90,15,25,12,18,90,120,8,12,150,200,55,65,0.9,1.2,1,4,0.02,0.04
34,Hemophilia,"Hemophilia is a genetic bleeding disorder where blood does not clot properly, leading to prolonged bleeding. Management includes clotting factor replacement, preventive care, and avoiding injuries.","May be associated with joint damage, anemia, and infections from blood products.",1400,2000,0,7,150,250,55,100,25,35,0,20,16,150,1100,1500,3500,4700,10,14,1000,1300,700,1200,300,400,700,900,1.2,2.4,75,90,10,20,12,18,90,120,8,11,150,180,50,60,0.9,1.2,1,4,0.02,0.04
35,Sickle Cell Anemia,"Sickle cell anemia is a genetic disorder where red blood cells are abnormally shaped, leading to anemia, pain, and organ damage. Management focuses on medications, blood transfusions, and lifestyle measures to prevent complications.","May be associated with stroke, infections, and pulmonary hypertension.",1400,2000,0,6,180,300,50,90,25,35,0,20,16,150,1000,1500,3500,4700,12,13,1000,1200,700,1250,300,400,700,900,1.2,2.4,75,90,10,20,12,18,90,120,8,11,150,180,50,60,0.9,1.2,1,4,0.02,0.04
36,Thalassemia,"Thalassemia is an inherited blood disorder causing reduced hemoglobin production and anemia. Management includes regular blood transfusions, iron chelation therapy, and monitoring for complications.","May be associated with iron overload, bone deformities, and growth delays.",1400,2000,0,6,180,300,50,90,25,35,0,20,16,150,1000,1500,3500,4700,12,22,1000,1200,700,1250,300,400,700,900,1.2,2.4,75,90,10,20,12,18,90,120,8,11,150,180,50,60,0.9,1.2,1,4,0.02,0.04
37,Hemochromatosis,"Hemochromatosis is a genetic disorder causing excessive iron accumulation in the body. Management involves phlebotomy, dietary adjustments, and monitoring for organ damage.","May be associated with liver disease, diabetes, and heart disease.",1400,2000,0,7,180,300,55,100,25,35,0,20,46,180,1100,1500,3500,4700,15,24,1000,1200,700,1200,300,420,700,900,1.2,2.4,75,90,10,20,12,18,90,120,8,12,150,180,50,60,0.9,1.2,1,4,0.02,0.04
38,Pancreatitis,"Pancreatitis is inflammation of the pancreas that can be acute or chronic, leading to abdominal pain and digestive issues. Management includes dietary modifications, medications, and treating underlying causes.","May be associated with gallstones, alcohol use, and diabetes.",1300,1900,0,6,180,300,50,90,19,30,0,15,16,150,900,1400,3500,4700,8,24,800,1000,900,1000,280,380,700,880,1.1,2.3,70,90,10,18,10,18,80,110,7,10,140,180,50,60,0.9,1.2,1,4,0.02,0.04
39,Cirrhosis,"Cirrhosis is advanced scarring of the liver caused by chronic liver disease. Management focuses on treating the underlying cause, lifestyle modifications, and monitoring for complications like liver failure.","May be associated with hepatitis, alcohol use, and portal hypertension.",1400,2000,0,7,180,300,55,100,24,35,0,20,16,150,1000,1500,3500,4700,10,22,1200,1500,800,1250,300,400,700,900,1.2,2.4,75,90,12,22,12,18,85,115,8,11,150,180,50,60,0.9,1.2,1,4,0.02,0.04
40,Hepatitis B,"Hepatitis B is a viral infection that affects the liver, potentially leading to chronic liver disease and liver cancer. Management includes antiviral medications, monitoring liver function, and vaccination for prevention.","May be associated with cirrhosis, liver failure, and hepatitis D infection.",1400,2000,0,7,220,350,55,100,25,35,0,20,16,150,1000,1500,3500,4700,10,20,1200,1500,700,1250,300,400,700,900,1.2,2.4,75,90,12,22,12,18,85,115,8,11,150,180,50,60,0.9,1.2,1,4,0.02,0.04
41,Hepatitis C,Hepatitis C is a viral infection causing liver inflammation that can progress to chronic liver disease. Management involves antiviral therapy and lifestyle modifications to protect liver health.,"May be associated with cirrhosis, liver cancer, and diabetes.",1400,2000,0,7,200,320,55,100,24,35,0,20,16,150,1000,1500,3500,4700,10,20,1000,1200,700,1250,300,400,700,900,1.2,2.4,75,90,12,22,12,18,85,115,8,11,150,180,50,60,0.9,1.2,1,4,0.02,0.04
42,Obstructive Sleep Apnea,"Obstructive sleep apnea is a condition where breathing repeatedly stops and starts during sleep due to airway obstruction. Management includes lifestyle changes, CPAP therapy, and sometimes surgery.","May be associated with obesity, hypertension, and cardiovascular disease.",1500,2100,0,8,180,300,55,100,28,38,0,25,16,150,1200,1600,3500,4700,10,21,900,1100,700,1250,320,420,700,900,1.2,2.4,75,90,15,25,12,18,90,120,8,12,150,200,55,65,0.9,1.2,1,4,0.02,0.04
43,Chronic Fatigue Syndrome,"Chronic fatigue syndrome is a complex disorder characterized by extreme fatigue that is not improved by rest. Management includes pacing activity, sleep management, and symptom-focused therapies.","May be associated with fibromyalgia, depression, and anxiety.",1500,2100,0,8,180,300,55,100,27,38,0,25,16,150,1200,1600,3500,4700,10,21,1000,1300,700,1250,320,420,700,900,1.2,2.4,75,90,15,25,12,18,90,120,8,12,150,200,55,65,0.9,1.2,1,4,0.02,0.04
44,Migraine (Diet Focus),"Diet-focused migraine management considers how certain foods and eating patterns trigger or worsen headaches. Strategies include avoiding triggers, maintaining hydration, and nutrient support.","May be associated with anxiety, depression, and hormonal fluctuations.",1500,2100,0,8,192,315,55,100,28,38,0,25,16,150,1200,1600,3500,4700,10,21,1000,1300,700,1250,320,420,700,900,1.2,2.4,75,90,15,25,12,18,90,120,8,12,150,200,55,65,0.9,1.2,1,4,0.02,0.04
45,Eczema (Nutrition Focused),"Nutrition-focused eczema management explores dietary factors that may influence skin inflammation and flare-ups. Approaches include identifying triggers, ensuring adequate essential fatty acids, and supporting gut health.","May be associated with allergies, asthma, and hay fever.",1500,2100,0,8,193,316,55,100,28,38,0,25,16,150,1200,1600,3500,4700,10,21,1000,1200,718,1250,320,420,700,900,1.2,2.4,75,90,15,25,12,18,90,120,8,12,150,200,55,65,0.9,1.2,1,4,0.02,0.04
46,Psoriasis (Nutrition Focused),"Nutrition-focused psoriasis management aims to reduce inflammation and support skin health through diet. Approaches include anti-inflammatory foods, omega-3 supplementation, and weight management.","May be associated with arthritis, metabolic syndrome, and cardiovascular disease.",1500,2100,0,8,194,318,55,100,27,38,0,25,16,150,1200,1600,3500,4700,10,20,1000,1200,717,1250,320,420,700,900,1.2,2.4,75,90,15,25,12,18,90,120,8,12,150,200,55,65,0.9,1.2,1,4,0.02,0.04
47,Macular Degeneration,"Macular degeneration is an age-related condition causing loss of central vision due to damage to the retina. Management includes nutrient supplementation, lifestyle modifications, and regular eye monitoring.","May be associated with smoking, cardiovascular disease, and obesity.",1500,2000,0,8,194,319,55,95,25,36,0,20,16,150,1100,1500,3500,4700,10,18,1000,1200,717,1250,300,400,700,900,1.1,2.3,70,90,10,18,10,18,85,115,7,10,140,180,50,60,0.9,1.2,1,4,0.02,0.04
48,Glaucoma (Diet Support),"Glaucoma is a group of eye conditions that damage the optic nerve, often associated with elevated eye pressure. Diet-focused support includes antioxidants, hydration, and nutrients that support eye health.","May be associated with hypertension, diabetes, and age-related eye changes.",1500,2000,0,8,195,320,55,95,26,36,0,20,16,150,1100,1500,3500,4700,10,17,800,1000,717,1250,300,400,700,900,1.1,2.3,70,90,10,18,10,18,85,115,7,10,140,180,50,60,0.9,1.2,1,4,0.02,0.04
49,Cataracts (Nutrition Focused),"Cataracts are clouding of the eye lens that impairs vision, commonly related to aging. Nutrition-focused management includes antioxidants, vitamin C, and lutein to support lens health.","May be associated with diabetes, smoking, and prolonged UV exposure.",1500,2000,0,8,196,322,55,95,25,36,0,20,16,150,1100,1500,3500,4700,10,17,1200,1500,717,1250,300,400,700,900,1.1,2.3,70,90,10,18,10,18,85,115,7,10,140,180,50,60,0.9,1.2,1,4,0.02,0.04
50,Osteoarthritis,"Osteoarthritis is a degenerative joint disease causing cartilage breakdown, pain, and stiffness. Management includes weight management, exercise, physical therapy, and sometimes medications or surgery.","May be associated with obesity, joint injury, and aging.",1500,2100,0,8,197,323,55,100,28,38,0,25,16,150,1200,1600,3500,4700,10,17,1200,1500,717,1250,320,420,700,900,1.2,2.4,75,90,15,25,12,18,90,120,8,12,150,200,55,65,0.9,1.2,1,4,0.02,0.04
51,Chronic Kidney Disease Stage 1,"Stage 1 chronic kidney disease indicates mild kidney damage with normal or slightly reduced kidney function. Management includes controlling risk factors, monitoring kidney function, and maintaining a healthy lifestyle.","May be associated with hypertension, diabetes, and heart disease.",1800,2400,0,15,180,300,70,120,25,38,0,30,66,200,1500,2300,3000,4700,8,18,1000,1200,800,1200,320,420,700,900,1.1,2.4,75,120,10,20,12,20,90,120,90,120,150,150,55,55,0.9,1.3,1,4.024489796,0.5,4
52,Chronic Kidney Disease Stage 2,"Stage 2 chronic kidney disease shows mild reduction in kidney function. Management focuses on controlling underlying conditions, diet adjustments, and regular kidney monitoring.","May be associated with hypertension, diabetes, and cardiovascular disease.",1700,2300,0,12,170,280,65,110,22,35,0,28,66,200,1400,2000,2800,4500,8,18,900,1100,700,1100,300,400,700,900,1.1,2.2,75,110,10,20,12,20,90,120,90,120,150,150,55,55,0.9,1.3,1,4.027803121,0.5,4
53,Chronic Kidney Disease Stage 5 (Dialysis),"Stage 5 chronic kidney disease on dialysis represents kidney failure requiring dialysis to remove waste and maintain fluid balance. Management includes dialysis, monitoring complications, and controlling contributing conditions.","May be associated with hypertension, diabetes, and cardiovascular disease.",2200,2800,0,18,220,350,90,130,25,40,0,35,46,180,1500,2300,3000,4000,10,30,1000,1300,800,1200,320,420,700,900,1.1,2.4,75,120,10,20,12,20,90,120,90,120,150,150,55,55,0.9,1.3,1,4.031116447,0.5,4
54,Nonalcoholic Steatohepatitis,"Nonalcoholic steatohepatitis (NASH) is liver inflammation and damage caused by fat accumulation, not alcohol. Management includes weight loss, diet modifications, exercise, and controlling metabolic risk factors.","May be associated with obesity, type 2 diabetes, and hyperlipidemia.",1400,1800,0,8,120,200,70,110,30,45,0,25,46,180,1200,1800,3500,4700,8,17,1000,1300,700,1100,320,420,700,900,1.1,2.4,90,150,10,20,12,20,120,200,90,120,150,150,55,55,0.9,1.3,1,4.034429772,0.5,4
55,Hyperuricemia,"Hyperuricemia is an elevated uric acid level in the blood that can lead to gout and kidney stones. Management involves medications, diet adjustments, and monitoring uric acid levels.","May be associated with gout, kidney disease, and hypertension.",1600,2000,0,10,150,250,60,90,25,40,0,30,46,180,1200,1800,3500,4700,8,18,1000,1200,700,1100,320,420,700,900,1.1,2.4,75,120,10,20,12,20,90,120,90,120,150,150,55,55,0.9,1.3,1,4.037743097,0.5,4
56,GERD,"Gastroesophageal reflux disease (GERD) occurs when stomach acid flows back into the esophagus, causing heartburn and irritation. Management includes diet modifications, lifestyle changes, and medications to reduce acid.","May be associated with obesity, hiatal hernia, and asthma.",1600,2200,0,10,150,280,60,110,20,35,0,30,46,180,1500,2300,3500,4700,8,17,1000,1200,700,1100,320,420,700,900,1.1,2.4,75,120,10,20,12,20,90,120,90,120,150,150,55,55,0.9,1.3,1,4.041056423,0.5,4
57,Diverticulosis,"Diverticulosis is the presence of small pouches in the colon wall, often without symptoms. Management focuses on high-fiber diet, hydration, and regular bowel habits to prevent complications.","May be associated with constipation, aging, and low-fiber diet.",1800,2400,0,15,180,300,70,120,30,45,0,35,46,180,1500,2300,3500,4700,8,18,1000,1200,700,1100,320,420,700,900,1.1,2.4,75,120,10,20,12,20,90,120,90,120,150,150,55,55,0.9,1.3,1,4.044369748,0.5,4
58,Diverticulitis (Acute),"Acute diverticulitis occurs when colon pouches become inflamed or infected, causing abdominal pain and digestive symptoms. Management includes antibiotics, diet modifications, and sometimes surgery.","May be associated with obesity, chronic constipation, and diverticulosis.",1200,1600,0,10,120,180,60,100,10,20,0,20,46,180,1500,2300,3000,4700,8,20,800,1000,600,1000,250,350,700,900,1.1,2,60,90,10,20,10,15,90,120,90,120,150,150,55,55,0.9,1.3,1,4.047683073,0.5,4
59,Post-Bariatric Surgery,"Post-bariatric surgery nutrition focuses on meeting protein, vitamin, and mineral needs while preventing complications. Management includes supplementation, dietary progression, and monitoring for deficiencies.","May be associated with nutrient deficiencies, dumping syndrome, and gastrointestinal symptoms.",1200,1600,0,12,80,150,70,100,20,30,0,20,46,180,1500,2300,3000,4700,10,18,1200,1500,900,1200,350,450,900,1200,1.5,3,90,150,15,30,15,25,120,200,120,150,150,150,55,55,0.9,1.3,1,4.050996399,0.5,4
60,Malnutrition (Protein-Energy),Protein energy malnutrition is a deficiency of calories and protein leading to muscle wasting weakness and impaired immunity. It commonly occurs in chronic illness or severe food insecurity.,"May be associated with immune deficiency, anemia, and delayed wound healing.",2200,3000,0,20,250,400,90,140,25,40,0,40,16,150,1500,2300,3500,4700,12,15,1200,1500,900,1300,350,450,900,1200,1.5,3,90,150,15,30,15,25,120,200,120,150,150,300,55,55,0.9,1.4,1,4.054309724,0.5,4
61,Type 2 Diabetes ,Type 2 diabetes is a chronic metabolic disorder characterized by insulin resistance and elevated blood glucose levels. It develops gradually and is strongly associated with lifestyle and genetic factors.,"May be associated with obesity, hypertension, hyperlipidemia, and cardiovascular disease.",1200,1600,0,8,80,160,70,110,30,45,0,20,46,180,1200,1800,3500,4700,8,18,1000,1300,700,1100,320,420,700,900,1.1,2.4,75,120,10,20,12,20,120,200,90,120,150,150,60,60,0.9,1.4,1,4.057623049,0.5,4
62,Hypertension (DASH Style),Hypertension managed with a DASH style dietary approach emphasizes reduced sodium and increased intake of fruits vegetables and whole grains. Dietary patterns significantly influence blood pressure control.,"May be associated with heart disease, stroke, and chronic kidney disease.",1600,2200,0,7,180,300,60,110,30,45,0,25,46,180,1000,1500,3500,4700,8,18,1200,1300,700,1200,350,450,900,1200,1.1,2.4,90,150,10,20,12,20,120,200,90,120,140,180,50,60,0.9,1.4,1,4.060936375,0.5,4
63,Hyperlipidemia (LDL Reduction),Hyperlipidemia with LDL reduction focus involves lowering low density lipoprotein cholesterol to reduce plaque buildup in arteries. Diet lifestyle modification and medication may be used.,"May be associated with heart disease, metabolic syndrome, and stroke.",1400,1800,0,7,150,250,60,100,30,45,0,25,46,180,1200,1800,3500,4700,8,18,1000,1200,700,1100,320,420,700,900,1.1,2.4,75,120,10,20,12,20,120,200,90,120,100,120,40,50,0.9,1.4,1,4.0642497,0.5,4
64,Obesity (Calorie Restriction),Obesity managed through calorie restriction aims to create a sustained energy deficit for gradual weight loss. Long term lifestyle modification supports improved metabolic health.,"May be associated with type 2 diabetes, hypertension, and sleep apnea.",1200,1600,0,8,100,180,70,110,30,45,0,20,46,180,1200,1800,3500,4700,8,18,1000,1300,700,1100,320,420,700,900,1.1,2.4,75,120,10,20,12,20,120,200,90,120,90,110,35,45,0.9,1.4,1,4.067563025,0.5,4
65,Osteopenia,Osteopenia is a condition of lower than normal bone density that precedes osteoporosis. It increases fracture risk if not properly managed.,May be associated with osteoporosis and vitamin D deficiency.,1800,2400,0,15,180,300,70,120,25,38,0,30,16,150,1500,2300,3500,4700,8,18,1200,1500,800,1200,350,450,900,1200,1.1,2.4,75,120,15,30,15,25,120,200,120,150,85,105,30,45,0.9,1.4,1,4.070876351,0.5,4
66,Iron Deficiency,Iron deficiency occurs when the body lacks adequate iron stores even before anemia develops. It may cause fatigue reduced concentration and weakened immunity.,May be associated with iron deficiency anemia and malnutrition.,1800,2400,0,15,180,300,70,120,25,38,0,30,16,150,1500,2300,3500,4700,18,30,1000,1200,700,1100,320,420,700,900,1.1,2.4,90,150,10,20,12,20,90,120,90,120,150,200,55,60,0.9,1.4,1,4.074189676,0.5,4
67,Constipation (Chronic),Chronic constipation involves infrequent difficult or incomplete bowel movements lasting several weeks or longer. Diet hydration and physical activity play important roles in management.,May be associated with diverticulosis and irritable bowel syndrome.,1800,2400,0,15,200,320,70,120,30,45,0,35,16,150,1500,2300,3500,4700,8,18,1000,1200,700,1100,350,450,700,900,1.1,2.4,75,120,10,20,12,20,90,120,90,120,170,220,60,70,0.9,1.4,1,4.077503001,0.5,4
68,Diarrhea ,Diarrhea is characterized by frequent loose or watery stools. It may result from infection inflammation or malabsorption.,May be associated with dehydration and electrolyte imbalance.,1600,2200,0,12,180,300,70,110,10,20,0,25,16,150,1500,2300,3500,4700,8,18,800,1000,600,1000,250,350,700,900,1.1,2,60,90,10,20,10,15,90,120,90,120,150,200,55,65,0.9,1.4,1,4.080816327,0.5,4
69,Chronic Kidney Disease ,Chronic kidney disease is a long term decline in kidney function affecting waste removal and fluid balance. It progresses in stages and requires ongoing monitoring.,"May be associated with hypertension, diabetes, and anemia.",1600,2200,0,12,150,250,60,90,20,30,0,25,16,150,1200,1800,2000,3500,8,18,800,1000,600,900,250,350,700,900,1.1,2,75,120,10,20,12,20,90,120,90,120,150,180,50,60,0.9,1.4,1,4.084129652,0.5,4
70,Heart Disease (Cardiac Rehab),Heart disease in cardiac rehabilitation focuses on supervised exercise nutrition and lifestyle recovery after cardiac events. Rehabilitation improves cardiovascular outcomes and quality of life.,"May be associated with hypertension, hyperlipidemia, and diabetes.",1500,2000,0,7,150,250,70,110,30,45,0,25,16,150,1000,1500,3500,4700,8,18,1000,1300,700,1100,350,450,900,1200,1.1,2.4,90,150,10,20,12,20,120,200,90,120,140,180,50,60,0.9,1.4,1,4.087442977,0.5,4
71,Vitamin D Deficiency,Vitamin D deficiency occurs when levels are insufficient to support bone immune and muscle health. It may result from limited sun exposure or inadequate intake.,May be associated with osteoporosis and immune dysfunction.,1800,2400,0,15,180,300,70,120,25,38,0,30,16,150,1500,2300,3500,4700,8,18,1000,1500,800,1200,350,450,900,1500,1.1,2.4,75,120,20,50,25,50,120,200,120,150,140,180,50,60,0.9,1.4,1,4.090756303,0.5,4
72,Vitamin B12 Deficiency,Vitamin B12 deficiency impairs red blood cell formation and nerve function. It may cause fatigue numbness and cognitive changes.,May be associated with anemia and malabsorption syndrome.,1800,2400,0,15,180,300,70,120,25,38,0,30,16,150,1500,2300,3500,4700,10,18,1000,1200,700,1100,320,420,700,900,2.4,5,75,120,10,20,12,20,90,120,90,120,150,200,55,60,0.9,1.4,1,4.094069628,0.5,4
73,Lactose Intolerance,Lactose intolerance is the inability to properly digest lactose due to low lactase enzyme levels. It causes bloating gas and diarrhea after dairy consumption.,May be associated with irritable bowel syndrome and malabsorption.,1600,2200,0,12,180,300,60,110,25,38,0,30,16,150,1500,2300,3500,4700,8,18,700,1000,700,1100,320,420,700,900,1.1,2.4,75,120,10,20,12,20,90,120,90,120,150,180,55,65,0.9,1.4,1,4.097382953,0.5,4
74,Food Allergy,Food allergy is an immune mediated reaction to specific food proteins. Reactions can range from mild symptoms to severe anaphylaxis.,"May be associated with asthma, eczema, and allergic rhinitis.",1800,2400,0,15,180,300,70,120,25,38,0,30,16,150,1500,2300,3500,4700,8,18,1000,1300,700,1100,320,420,700,900,1.1,2.4,75,120,10,20,12,20,90,120,90,120,140,180,50,60,0.9,1.4,1,4.100696279,0.5,4
75,Anorexia Nervosa,Anorexia nervosa is an eating disorder characterized by severe food restriction and intense fear of weight gain. It leads to significant weight loss and nutritional deficiencies.,"May be associated with osteoporosis, depression, and electrolyte imbalance.",2400,3200,0,20,250,400,90,140,20,35,0,40,16,150,1500,2300,3500,4700,12,25,1200,1500,900,1300,350,450,900,1200,1.5,3,90,150,15,30,15,25,120,200,120,150,140,180,50,60,0.9,1.5,1,4.104009604,0.5,4
76,Bulimia Nervosa,Bulimia nervosa is an eating disorder involving cycles of binge eating followed by purging behaviors. It can disrupt electrolyte balance and digestive health.,"May be associated with anxiety, depression, and metabolic alkalosis.",2000,2800,0,18,220,350,80,130,20,35,0,35,16,150,1500,2300,3500,4700,10,20,1000,1300,800,1200,320,420,700,900,1.3,2.8,90,150,15,30,15,25,120,200,120,150,140,180,50,60,0.9,1.5,1,4.107322929,0.5,4
77,Gallstones,Gallstones are hardened deposits that form in the gallbladder from bile components. They may block bile ducts and cause abdominal pain.,May be associated with cholecystitis and pancreatitis.,1600,2000,0,7,150,250,60,100,25,38,0,25,46,180,1500,2300,3500,4700,8,18,1000,1200,700,1100,320,420,700,900,1.1,2.4,75,120,10,20,12,20,120,200,90,120,150,180,50,60,0.9,1.5,1,4.110636255,0.5,4
78,Cholecystitis,Cholecystitis is inflammation of the gallbladder often caused by gallstones blocking bile flow. It produces abdominal pain fever and digestive symptoms.,May be associated with gallstones and pancreatitis.,1600,2000,0,7,150,250,60,100,20,35,0,25,16,150,1500,2300,3500,4700,8,18,1000,1200,700,1100,320,420,700,900,1.1,2.4,75,120,10,20,12,20,120,200,90,120,150,180,50,60,0.9,1.5,1,4.11394958,0.5,4
79,Vitamin A Deficiency,Vitamin A deficiency impairs vision immune response and skin integrity. Severe deficiency can cause night blindness.,May be associated with malnutrition and immune deficiency.,1800,2400,0,15,180,300,70,120,25,38,0,30,16,150,1500,2300,3500,4700,8,18,1000,1300,700,1100,320,420,900,1500,1.1,2.4,75,120,10,20,12,20,90,120,120,150,140,180,50,60,0.9,1.5,1,4.117262905,0.5,4
80,Vitamin C Deficiency,Vitamin C deficiency weakens connective tissue and immune function. Severe cases can result in scurvy.,May be associated with poor wound healing and anemia.,1800,2400,0,15,180,300,70,120,25,38,0,30,16,150,1500,2300,3500,4700,8,18,1000,1300,700,1100,320,420,700,900,1.1,2.4,120,200,10,20,12,20,90,120,90,120,140,180,50,60,0.9,1.5,1,4.12057623,0.5,4
81,Chronic Bronchitis,Chronic bronchitis is long term inflammation of the bronchial tubes producing excess mucus and persistent cough. It is a form of chronic obstructive lung disease.,May be associated with COPD and emphysema.,1800,2400,0,12,180,300,70,120,25,40,0,30,16,150,1500,2300,3500,4700,8,18,1000,1200,700,1100,350,450,700,900,1.1,2.4,90,150,10,20,12,20,120,200,90,120,150,180,50,60,0.9,1.5,1,4.123889556,0.5,4
82,Emphysema,Emphysema is a lung condition involving destruction of air sacs that reduces oxygen exchange. It leads to progressive shortness of breath.,May be associated with COPD and chronic bronchitis.,2000,2600,0,15,200,320,80,130,25,40,0,35,16,150,1500,2300,3500,4700,8,18,1000,1200,700,1100,350,450,700,900,1.1,2.4,90,150,10,20,12,20,120,200,90,120,150,200,55,65,0.9,1.5,1,4.127202881,0.5,4
83,Peripheral Neuropathy,Peripheral neuropathy involves nerve damage causing numbness tingling or pain in the extremities. It commonly results from diabetes injury or nutrient deficiency.,May be associated with diabetes and vitamin B12 deficiency.,1800,2400,0,15,180,300,70,120,25,40,0,30,16,150,1500,2300,3500,4700,8,18,1000,1300,700,1100,350,450,700,900,1.3,3,90,150,10,20,12,20,120,200,120,150,150,200,55,65,0.9,1.5,1,4.130516206,0.5,4
84,Chronic Migraine,Chronic migraine involves headaches occurring fifteen or more days per month. Triggers may include diet stress and hormonal changes.,May be associated with anxiety and sleep disorders.,1600,2200,0,10,150,250,60,110,25,40,0,25,16,150,1400,2000,3500,4700,8,18,1000,1200,700,1100,320,420,700,900,1.1,2.4,90,150,10,20,12,20,120,200,90,120,150,180,50,60,0.9,1.5,1,4.133829532,0.5,4
85,Insomnia,Insomnia is a sleep disorder characterized by difficulty falling or staying asleep. It affects cognitive emotional and physical health.,"May be associated with anxiety, depression, and chronic stress disorder.",1800,2400,0,12,180,300,70,120,25,40,0,30,16,150,1500,2300,3500,4700,8,18,1000,1200,700,1100,350,450,700,900,1.1,2.4,90,150,10,20,12,20,120,200,90,120,150,180,50,60,0.9,1.5,1,4.137142857,0.5,4
86,Chronic Sinusitis,Chronic sinusitis is long term inflammation of the sinus cavities causing congestion facial pressure and drainage. It may persist for several months.,May be associated with allergies and asthma.,1800,2400,0,15,180,300,70,120,25,40,0,30,16,150,1500,2300,3500,4700,8,18,1000,1200,700,1100,350,450,700,900,1.1,2.4,120,200,10,20,12,20,120,200,90,120,150,180,50,60,0.9,1.5,1,4.140456182,0.5,4
87,Chronic Stress Disorder,Chronic stress disorder involves prolonged activation of the stress response that impacts overall health. It can disrupt hormonal immune and metabolic balance.,"May be associated with anxiety, depression, and hypertension.",1800,2400,0,15,180,300,70,120,25,40,0,30,16,150,1500,2300,3500,4700,8,18,1000,1200,700,1100,350,450,700,900,1.2,2.5,90,150,10,20,12,20,120,200,120,150,150,180,50,60,0.9,1.5,1,4.143769508,0.5,4
88,Metabolic Acidosis,Metabolic acidosis occurs when excess acid accumulates in the body due to kidney dysfunction or other metabolic causes. It disrupts normal cellular processes.,May be associated with chronic kidney disease and diabetes.,1800,2400,0,15,180,300,70,120,25,40,0,30,16,150,1200,1800,2000,3500,8,18,1000,1200,700,1100,320,420,700,900,1.1,2.4,75,120,10,20,12,20,120,200,90,120,140,180,50,60,0.9,1.5,1,4.147082833,0.5,4
89,Metabolic Alkalosis,Metabolic alkalosis is a condition in which body fluids become excessively alkaline. It often results from prolonged vomiting or diuretic use.,May be associated with electrolyte imbalance and eating disorders.,1800,2400,0,15,180,300,70,120,25,40,0,30,16,150,1500,2300,3500,4700,8,18,1000,1200,700,1100,350,450,700,900,1.1,2.4,75,120,10,20,12,20,120,200,90,120,150,180,50,60,0.9,1.5,1,4.150396158,0.5,4
90,Postoperative Recovery,Postoperative recovery involves healing and metabolic adaptation after surgery. Adequate nutrition supports tissue repair immune function and strength restoration.,May be associated with infection risk and malnutrition.,2200,2800,0,18,220,350,90,140,25,40,0,35,16,150,1500,2300,3500,4700,10,20,1200,1500,900,1300,350,450,900,1200,1.5,3,120,200,15,30,15,25,120,200,120,150,150,180,50,60,0.9,1.6,1,4.153709484,0.5,4
91,Acute Infection Recovery,Acute infection recovery is the period following an infection when the body restores normal function. Nutritional and immune support are important for healing.,May be associated with dehydration and inflammation.,2000,2600,0,15,200,320,80,130,25,40,0,35,66,200,1500,2300,3500,4700,10,20,1200,1400,800,1200,350,450,900,1200,1.3,2.8,120,200,15,30,15,25,120,200,120,150,150,180,50,60,0.9,1.6,1,4.157022809,0.5,4
92,Chronic Pain Syndrome,Chronic pain syndrome is persistent pain lasting longer than three months. It affects physical function and psychological well being.,"May be associated with depression, anxiety, and fibromyalgia.",1800,2400,0,12,180,300,70,120,25,40,0,30,66,200,1500,2300,3500,4700,8,18,1000,1200,700,1100,350,450,700,900,1.1,2.4,90,150,10,20,12,20,120,200,120,150,150,200,55,65,0.9,1.6,1,4.160336134,0.5,4
93,Fibromyalgia,Fibromyalgia is a chronic condition characterized by widespread musculoskeletal pain fatigue and sleep disturbance. It often includes cognitive symptoms.,May be associated with chronic fatigue syndrome and depression.,1800,2400,0,12,180,300,70,120,25,40,0,30,66,200,1500,2300,3500,4700,8,18,1000,1200,700,1100,350,450,700,900,1.2,2.6,90,150,10,20,12,20,120,200,120,150,150,200,55,65,0.9,1.6,1,4.16364946,0.5,4
94,Chronic Dehydration,Chronic dehydration occurs when fluid intake consistently fails to meet bodily needs. It affects kidney function circulation and temperature regulation.,May be associated with kidney disease and electrolyte imbalance.,2000,2600,0,15,200,320,80,130,25,40,0,35,66,200,1500,2300,3500,4700,8,18,1000,1200,700,1100,350,450,700,900,1.1,2.4,90,150,10,20,12,20,120,200,90,120,150,200,55,65,0.9,1.6,1,4.166962785,0.5,4
95,Electrolyte Imbalance,Electrolyte imbalance involves abnormal levels of minerals such as sodium potassium or calcium. It can disrupt heart nerve and muscle function.,May be associated with dehydration and kidney disease.,1800,2400,0,15,180,300,70,120,25,40,0,30,66,200,1200,2000,2500,4500,8,18,1000,1200,700,1100,350,450,700,900,1.1,2.4,90,150,10,20,12,20,120,200,90,120,150,200,55,65,0.9,1.6,1,4.17027611,0.5,4
96,Chronic Inflammation,Chronic inflammation is a prolonged immune response that can damage tissues over time. It plays a role in many metabolic and degenerative diseases.,"May be associated with heart disease, diabetes, and autoimmune disorders.",1800,2400,0,10,180,300,70,120,30,45,0,25,66,200,1500,2300,3500,4700,8,18,1000,1200,700,1100,350,450,900,1200,1.2,2.6,120,200,10,20,12,20,120,200,120,150,150,200,55,65,0.9,1.6,1,4.173589436,0.5,4
97,Immune Deficiency,Immune deficiency is reduced ability of the immune system to fight infections effectively. It may be inherited or acquired.,May be associated with chronic infections and malnutrition.,2000,2600,0,15,200,320,80,130,25,40,0,35,66,200,1500,2300,3500,4700,10,20,1200,1500,900,1300,350,450,900,1200,1.3,2.8,120,200,15,30,15,25,120,200,120,150,140,180,50,60,0.9,1.6,1,4.176902761,0.5,4
98,Chronic Viral Infection,Chronic viral infection occurs when a virus persists in the body over an extended period. It may cause ongoing inflammation and organ damage.,May be associated with immune deficiency and liver disease.,2000,2600,0,15,200,320,80,130,25,40,0,35,66,200,1500,2300,3500,4700,10,20,1200,1400,800,1200,350,450,900,1200,1.3,2.8,120,200,15,30,15,25,120,200,120,150,140,180,50,60,0.9,1.6,1,4.180216086,0.5,4
99,Chronic Bacterial Infection,"Chronic bacterial infection occurs when bacteria persist in the body over time, causing ongoing symptoms and tissue damage. Management includes targeted antibiotics, monitoring for complications, and addressing underlying risk factors.","May be associated with immune suppression, chronic inflammation, and organ-specific damage.",2000,2600,0,15,200,320,80,130,25,40,0,35,66,200,1500,2300,3500,4700,10,20,1200,1400,800,1200,350,450,900,1200,1.3,2.8,120,200,15,30,15,25,120,200,120,150,140,180,50,60,0.9,1.6,1,4.183529412,0.5,4
100,General Malabsorption Syndrome,"General malabsorption syndrome is a condition where the intestines cannot properly absorb nutrients from food. Management includes identifying the underlying cause, dietary adjustments, and supplementation of deficient nutrients.","May be associated with celiac disease, chronic pancreatitis, and inflammatory bowel disease.",2200,3000,0,18,220,350,90,140,20,35,0,35,66,200,1500,2300,3500,4700,12,25,1200,1500,900,1300,350,450,900,1200,1.5,3,120,200,15,30,15,25,120,200,120,150,150,200,55,65,0.9,1.6,1,4.186842737,0.5,4
101,Peanut Allergy,Peanut allergy is an immune system reaction to proteins found in peanuts. It can cause symptoms ranging from hives and swelling to severe anaphylaxis.,"May be associated with other food allergies, asthma, and eczema.",0,0,0,0,0,0,0,0,0,0,0,0,0,0,0,0,0,0,0,0,0,0,0,0,0,0,0,0,0,0,0,0,0,0,0,0,0,0,0,0,0,0,0,0,0,0,0,0,0,0
102,Nut Allergy,Nut allergy is an allergic reaction to tree nuts such as almonds walnuts or cashews. Reactions can vary from mild itching to life threatening anaphylaxis.,"May be associated with peanut allergy, asthma, and allergic rhinitis.",0,0,0,0,0,0,0,0,0,0,0,0,0,0,0,0,0,0,0,0,0,0,0,0,0,0,0,0,0,0,0,0,0,0,0,0,0,0,0,0,0,0,0,0,0,0,0,0,0,0
103,Milk Allergy,Milk allergy is an immune response to proteins found in cow milk. It differs from lactose intolerance and can cause skin respiratory or gastrointestinal symptoms.,"May be associated with eczema, asthma, and other food allergies.",0,0,0,0,0,0,0,0,0,0,0,0,0,0,0,0,0,0,0,0,0,0,0,0,0,0,0,0,0,0,0,0,0,0,0,0,0,0,0,0,0,0,0,0,0,0,0,0,0,0
104,Egg Allergy,Egg allergy is an immune reaction to proteins in egg whites or yolks. It is common in children and may be outgrown over time.,"May be associated with other food allergies, eczema, and asthma.",0,0,0,0,0,0,0,0,0,0,0,0,0,0,0,0,0,0,0,0,0,0,0,0,0,0,0,0,0,0,0,0,0,0,0,0,0,0,0,0,0,0,0,0,0,0,0,0,0,0
105,Soy Allergy,Soy allergy is an immune response to soy proteins found in many processed foods. Symptoms may affect the skin digestive tract or respiratory system.,May be associated with peanut allergy and other legume allergies.,0,0,0,0,0,0,0,0,0,0,0,0,0,0,0,0,0,0,0,0,0,0,0,0,0,0,0,0,0,0,0,0,0,0,0,0,0,0,0,0,0,0,0,0,0,0,0,0,0,0
106,Wheat Allergy,Wheat allergy is an immune reaction to proteins found in wheat. It is distinct from celiac disease and gluten intolerance.,"May be associated with other food allergies, asthma, and eczema.",0,0,0,0,0,0,0,0,0,0,0,0,0,0,0,0,0,0,0,0,0,0,0,0,0,0,0,0,0,0,0,0,0,0,0,0,0,0,0,0,0,0,0,0,0,0,0,0,0,0
107,Shellfish Allergy,Shellfish allergy is an immune response to proteins in crustaceans or mollusks. It is one of the most common adult food allergies and can be severe.,May be associated with fish allergy and other food allergies.,0,0,0,0,0,0,0,0,0,0,0,0,0,0,0,0,0,0,0,0,0,0,0,0,0,0,0,0,0,0,0,0,0,0,0,0,0,0,0,0,0,0,0,0,0,0,0,0,0,0
108,Fish Allergy,Fish allergy is an immune reaction to proteins in finned fish. Even small exposures can trigger significant allergic responses.,May be associated with shellfish allergy and other food allergies.,0,0,0,0,0,0,0,0,0,0,0,0,0,0,0,0,0,0,0,0,0,0,0,0,0,0,0,0,0,0,0,0,0,0,0,0,0,0,0,0,0,0,0,0,0,0,0,0,0,0
109,Sesame Allergy,Sesame allergy is an immune response to sesame seeds or sesame oil. It can cause skin respiratory or systemic reactions.,May be associated with other seed and nut allergies.,0,0,0,0,0,0,0,0,0,0,0,0,0,0,0,0,0,0,0,0,0,0,0,0,0,0,0,0,0,0,0,0,0,0,0,0,0,0,0,0,0,0,0,0,0,0,0,0,0,0
110,Corn Allergy,Corn allergy is an immune reaction to proteins in corn or corn derived products. Symptoms may include digestive or skin reactions.,May be associated with other grain allergies and food sensitivities.,0,0,0,0,0,0,0,0,0,0,0,0,0,0,0,0,0,0,0,0,0,0,0,0,0,0,0,0,0,0,0,0,0,0,0,0,0,0,0,0,0,0,0,0,0,0,0,0,0,0
111,Chocolate Allergy,Chocolate allergy is a rare immune reaction often related to cocoa or added ingredients such as milk or nuts. Symptoms may involve skin respiratory or digestive reactions.,"May be associated with milk allergy, nut allergy, and soy allergy.",0,0,0,0,0,0,0,0,0,0,0,0,0,0,0,0,0,0,0,0,0,0,0,0,0,0,0,0,0,0,0,0,0,0,0,0,0,0,0,0,0,0,0,0,0,0,0,0,0,0
112,Strawberry Allergy,Strawberry allergy is an immune response to proteins in strawberries. It may cause itching swelling or hives.,May be associated with other fruit allergies and oral allergy syndrome.,0,0,0,0,0,0,0,0,0,0,0,0,0,0,0,0,0,0,0,0,0,0,0,0,0,0,0,0,0,0,0,0,0,0,0,0,0,0,0,0,0,0,0,0,0,0,0,0,0,0
113,Tomato Allergy,Tomato allergy is an immune reaction to proteins in tomatoes. Symptoms may include skin rashes itching or digestive upset.,May be associated with pollen allergy and oral allergy syndrome.,0,0,0,0,0,0,0,0,0,0,0,0,0,0,0,0,0,0,0,0,0,0,0,0,0,0,0,0,0,0,0,0,0,0,0,0,0,0,0,0,0,0,0,0,0,0,0,0,0,0
114,Garlic Allergy,Garlic allergy is an immune response to compounds found in garlic. It may cause skin respiratory or gastrointestinal symptoms.,May be associated with onion allergy and other spice allergies.,0,0,0,0,0,0,0,0,0,0,0,0,0,0,0,0,0,0,0,0,0,0,0,0,0,0,0,0,0,0,0,0,0,0,0,0,0,0,0,0,0,0,0,0,0,0,0,0,0,0
115,Mustard Allergy,Mustard allergy is an immune reaction to mustard seeds or mustard containing foods. It can cause hives swelling or breathing difficulty.,May be associated with other seed allergies and food allergies.,0,0,0,0,0,0,0,0,0,0,0,0,0,0,0,0,0,0,0,0,0,0,0,0,0,0,0,0,0,0,0,0,0,0,0,0,0,0,0,0,0,0,0,0,0,0,0,0,0,0
116,Sunflower Seed Allergy,Sunflower seed allergy is an immune response to proteins in sunflower seeds. Reactions may range from mild itching to severe systemic symptoms.,May be associated with sesame allergy and other seed allergies.,0,0,0,0,0,0,0,0,0,0,0,0,0,0,0,0,0,0,0,0,0,0,0,0,0,0,0,0,0,0,0,0,0,0,0,0,0,0,0,0,0,0,0,0,0,0,0,0,0,0
152,Oysters Allergy,"Oysters allergy is an immune reaction to proteins in oysters. Symptoms may include hives, digestive upset, or anaphylaxis.","May be associated with shellfish allergy, fish allergy, and other crustacean allergies.",0,0,0,0,0,0,0,0,0,0,0,0,0,0,0,0,0,0,0,0,0,0,0,0,0,0,0,0,0,0,0,0,0,0,0,0,0,0,0,0,0,0,0,0,0,0,0,0,0,0
153,Shrimp Allergy,Shrimp allergy is an immune response to proteins found in shrimp. It can trigger mild to severe allergic reactions.,"May be associated with shellfish allergy, crab allergy, and other crustacean allergies.",0,0,0,0,0,0,0,0,0,0,0,0,0,0,0,0,0,0,0,0,0,0,0,0,0,0,0,0,0,0,0,0,0,0,0,0,0,0,0,0,0,0,0,0,0,0,0,0,0,0
154,Crab Allergy,"Crab allergy is an immune reaction to proteins in crab. Symptoms may include hives, swelling, gastrointestinal upset, or anaphylaxis.","May be associated with shrimp allergy, lobster allergy, and other shellfish allergies.",0,0,0,0,0,0,0,0,0,0,0,0,0,0,0,0,0,0,0,0,0,0,0,0,0,0,0,0,0,0,0,0,0,0,0,0,0,0,0,0,0,0,0,0,0,0,0,0,0,0
155,Lobster Allergy,Lobster allergy is an immune response to proteins in lobster. Reactions can range from mild skin irritation to severe anaphylaxis.,May be associated with other crustacean allergies and shellfish allergy.,0,0,0,0,0,0,0,0,0,0,0,0,0,0,0,0,0,0,0,0,0,0,0,0,0,0,0,0,0,0,0,0,0,0,0,0,0,0,0,0,0,0,0,0,0,0,0,0,0,0
156,Scallops Allergy,"Scallops allergy is an immune reaction to proteins in scallops. Symptoms may involve the skin, gastrointestinal tract, or respiratory system.",May be associated with shellfish allergy and other mollusk allergies.,0,0,0,0,0,0,0,0,0,0,0,0,0,0,0,0,0,0,0,0,0,0,0,0,0,0,0,0,0,0,0,0,0,0,0,0,0,0,0,0,0,0,0,0,0,0,0,0,0,0
157,Kiwi Allergy,"Kiwi allergy is an immune reaction to proteins in kiwi fruit. It may cause oral itching, hives, or gastrointestinal discomfort.",May be associated with latex allergy and other fruit allergies.,0,0,0,0,0,0,0,0,0,0,0,0,0,0,0,0,0,0,0,0,0,0,0,0,0,0,0,0,0,0,0,0,0,0,0,0,0,0,0,0,0,0,0,0,0,0,0,0,0,0
158,Avocado Allergy,"Avocado allergy is an immune response to proteins in avocado. Symptoms can include oral itching, swelling, and digestive upset.",May be associated with latex allergy and other fruit allergies.,0,0,0,0,0,0,0,0,0,0,0,0,0,0,0,0,0,0,0,0,0,0,0,0,0,0,0,0,0,0,0,0,0,0,0,0,0,0,0,0,0,0,0,0,0,0,0,0,0,0
159,Mango Allergy,"Mango allergy is an immune reaction to mango proteins. It can cause oral allergy syndrome, hives, or gastrointestinal symptoms.",May be associated with latex allergy and other tropical fruit allergies.,0,0,0,0,0,0,0,0,0,0,0,0,0,0,0,0,0,0,0,0,0,0,0,0,0,0,0,0,0,0,0,0,0,0,0,0,0,0,0,0,0,0,0,0,0,0,0,0,0,0
160,Peach Allergy,"Peach allergy is an immune response to peach proteins. Symptoms may include oral itching, swelling, and skin reactions.",May be associated with other stone fruit allergies and pollen allergy.,0,0,0,0,0,0,0,0,0,0,0,0,0,0,0,0,0,0,0,0,0,0,0,0,0,0,0,0,0,0,0,0,0,0,0,0,0,0,0,0,0,0,0,0,0,0,0,0,0,0
161,Apple Allergy,Apple allergy is an immune reaction to proteins in apples. It often causes oral allergy syndrome with itching or swelling in the mouth and throat.,May be associated with birch pollen allergy and other fruit allergies.,0,0,0,0,0,0,0,0,0,0,0,0,0,0,0,0,0,0,0,0,0,0,0,0,0,0,0,0,0,0,0,0,0,0,0,0,0,0,0,0,0,0,0,0,0,0,0,0,0,0
162,Banana Allergy,"Banana allergy is an immune response to proteins in bananas. Symptoms may include oral itching, swelling, or digestive upset.",May be associated with latex allergy and other tropical fruit allergies.,0,0,0,0,0,0,0,0,0,0,0,0,0,0,0,0,0,0,0,0,0,0,0,0,0,0,0,0,0,0,0,0,0,0,0,0,0,0,0,0,0,0,0,0,0,0,0,0,0,0
163,Blueberry Allergy,"Blueberry allergy is an immune reaction to proteins in blueberries. Symptoms may include hives, itching, or gastrointestinal upset.",May be associated with other berry allergies and pollen allergy.,0,0,0,0,0,0,0,0,0,0,0,0,0,0,0,0,0,0,0,0,0,0,0,0,0,0,0,0,0,0,0,0,0,0,0,0,0,0,0,0,0,0,0,0,0,0,0,0,0,0
164,Raspberry Allergy,"Raspberry allergy is an immune response to proteins in raspberries. It can cause oral itching, hives, or digestive symptoms.",May be associated with other berry allergies and oral allergy syndrome.,0,0,0,0,0,0,0,0,0,0,0,0,0,0,0,0,0,0,0,0,0,0,0,0,0,0,0,0,0,0,0,0,0,0,0,0,0,0,0,0,0,0,0,0,0,0,0,0,0,0
165,Blackberry Allergy,"Blackberry allergy is an immune reaction to proteins in blackberries. It may trigger oral itching, skin rash, or gastrointestinal discomfort.",May be associated with other berry allergies and pollen allergy.,0,0,0,0,0,0,0,0,0,0,0,0,0,0,0,0,0,0,0,0,0,0,0,0,0,0,0,0,0,0,0,0,0,0,0,0,0,0,0,0,0,0,0,0,0,0,0,0,0,0
166,Cantaloupe Allergy,"Cantaloupe allergy is an immune response to proteins in cantaloupe. Symptoms may include oral itching, swelling, or hives.",May be associated with other melon allergies and pollen allergy.,0,0,0,0,0,0,0,0,0,0,0,0,0,0,0,0,0,0,0,0,0,0,0,0,0,0,0,0,0,0,0,0,0,0,0,0,0,0,0,0,0,0,0,0,0,0,0,0,0,0
167,Watermelon Allergy,"Watermelon allergy is an immune reaction to proteins in watermelon. It may cause oral itching, hives, or digestive symptoms.",May be associated with other melon allergies and pollen allergy.,0,0,0,0,0,0,0,0,0,0,0,0,0,0,0,0,0,0,0,0,0,0,0,0,0,0,0,0,0,0,0,0,0,0,0,0,0,0,0,0,0,0,0,0,0,0,0,0,0,0
168,Papaya Allergy,"Papaya allergy is an immune response to proteins in papaya. Symptoms may include oral itching, hives, or gastrointestinal upset.",May be associated with latex allergy and other tropical fruit allergies.,0,0,0,0,0,0,0,0,0,0,0,0,0,0,0,0,0,0,0,0,0,0,0,0,0,0,0,0,0,0,0,0,0,0,0,0,0,0,0,0,0,0,0,0,0,0,0,0,0,0
169,Strawberry Allergy,"Strawberry allergy is an immune reaction to proteins in strawberries. It may cause hives, swelling, or oral itching.",May be associated with other fruit allergies and oral allergy syndrome.,0,0,0,0,0,0,0,0,0,0,0,0,0,0,0,0,0,0,0,0,0,0,0,0,0,0,0,0,0,0,0,0,0,0,0,0,0,0,0,0,0,0,0,0,0,0,0,0,0,0
170,Tomato Allergy,"Tomato allergy is an immune response to proteins in tomatoes. Symptoms may include oral itching, skin rash, or gastrointestinal upset.",May be associated with pollen allergy and other nightshade allergies.,0,0,0,0,0,0,0,0,0,0,0,0,0,0,0,0,0,0,0,0,0,0,0,0,0,0,0,0,0,0,0,0,0,0,0,0,0,0,0,0,0,0,0,0,0,0,0,0,0,0
171,Onion Allergy,"Onion allergy is an immune reaction to proteins in onions. It may trigger digestive upset, skin rash, or oral itching.",May be associated with garlic allergy and other allium family allergies.,0,0,0,0,0,0,0,0,0,0,0,0,0,0,0,0,0,0,0,0,0,0,0,0,0,0,0,0,0,0,0,0,0,0,0,0,0,0,0,0,0,0,0,0,0,0,0,0,0,0
172,Leek Allergy,"Leek allergy is an immune response to proteins in leeks. Symptoms may include oral itching, gastrointestinal upset, or skin reactions.",May be associated with onion allergy and garlic allergy.,0,0,0,0,0,0,0,0,0,0,0,0,0,0,0,0,0,0,0,0,0,0,0,0,0,0,0,0,0,0,0,0,0,0,0,0,0,0,0,0,0,0,0,0,0,0,0,0,0,0
173,Garlic Allergy,"Garlic allergy is an immune reaction to proteins in garlic. It may cause oral itching, digestive upset, or skin reactions.",May be associated with onion allergy and leek allergy.,0,0,0,0,0,0,0,0,0,0,0,0,0,0,0,0,0,0,0,0,0,0,0,0,0,0,0,0,0,0,0,0,0,0,0,0,0,0,0,0,0,0,0,0,0,0,0,0,0,0
174,Chili Pepper Allergy,"Chili pepper allergy is an immune response to proteins in chili peppers. It may cause oral itching, hives, or gastrointestinal discomfort.",May be associated with other nightshade allergies and food sensitivities.,0,0,0,0,0,0,0,0,0,0,0,0,0,0,0,0,0,0,0,0,0,0,0,0,0,0,0,0,0,0,0,0,0,0,0,0,0,0,0,0,0,0,0,0,0,0,0,0,0,0
175,Cinnamon Allergy,"Cinnamon allergy is an immune reaction to proteins in cinnamon. Symptoms may include oral itching, swelling, or skin rash.",May be associated with other spice allergies and food sensitivities.,0,0,0,0,0,0,0,0,0,0,0,0,0,0,0,0,0,0,0,0,0,0,0,0,0,0,0,0,0,0,0,0,0,0,0,0,0,0,0,0,0,0,0,0,0,0,0,0,0,0
179,Vanilla Allergy,"Vanilla allergy is an immune response to vanilla extract or vanilla proteins. It may trigger oral itching, hives, or gastrointestinal symptoms.",May be associated with other flavoring or spice allergies.,0,0,0,0,0,0,0,0,0,0,0,0,0,0,0,0,0,0,0,0,0,0,0,0,0,0,0,0,0,0,0,0,0,0,0,0,0,0,0,0,0,0,0,0,0,0,0,0,0,0
180,Chocolate Allergy,"Chocolate allergy is a rare immune reaction often related to cocoa or added ingredients such as milk or nuts. Symptoms may include skin, digestive, or respiratory reactions.","May be associated with milk allergy, nut allergy, and soy allergy.",0,0,0,0,0,0,0,0,0,0,0,0,0,0,0,0,0,0,0,0,0,0,0,0,0,0,0,0,0,0,0,0,0,0,0,0,0,0,0,0,0,0,0,0,0,0,0,0,0,0
183,Yeast Allergy,"Yeast allergy is an immune reaction to yeast proteins used in baking or brewing. It can cause hives, digestive upset, or respiratory symptoms.",May be associated with gluten intolerance and other food allergies.,0,0,0,0,0,0,0,0,0,0,0,0,0,0,0,0,0,0,0,0,0,0,0,0,0,0,0,0,0,0,0,0,0,0,0,0,0,0,0,0,0,0,0,0,0,0,0,0,0,0
184,Gluten Allergy,"Gluten allergy is an immune reaction to gluten proteins in wheat, barley, or rye. It differs from celiac disease and may cause digestive or skin symptoms.","May be associated with wheat allergy, celiac disease, and other grain sensitivities.",0,0,0,0,0,0,0,0,0,0,0,0,0,0,0,0,0,0,0,0,0,0,0,0,0,0,0,0,0,0,0,0,0,0,0,0,0,0,0,0,0,0,0,0,0,0,0,0,0,0
185,Lactose Allergy,Lactose allergy is an immune response to lactose in milk or dairy products. It differs from lactose intolerance and can produce digestive or systemic symptoms.,May be associated with milk allergy and other dairy protein sensitivities.,0,0,0,0,0,0,0,0,0,0,0,0,0,0,0,0,0,0,0,0,0,0,0,0,0,0,0,0,0,0,0,0,0,0,0,0,0,0,0,0,0,0,0,0,0,0,0,0,0,0
186,None,No Disease,May not have a diagnoisis but should still be concious. ,0,0,0,0,0,0,0,0,0,0,0,0,0,0,0,0,0,0,0,0,0,0,0,0,0,0,0,0,0,0,0,0,0,0,0,0,0,0,0,0,0,0,0,0,0,0,0,0,0,0