disease_id,ingredient_id,disease_ingredient_id
1,167,1
1,85,2
1,165,3
1,2,4
1,131,5
2,6,6
2,162,7
2,154,8
2,127,9
3,6,11
3,162,12
3,154,13
3,127,14
4,162,16
4,127,17
4,88,18
4,53,19
5,76,20
5,23,21
5,166,22
6,82,23
6,85,24
6,15,25
6,146,26
7,85,27
7,167,28
7,131,29
7,162,30
7,165,31
8,85,32
8,131,33
8,167,34
8,146,35
8,162,36
9,162,37
9,127,38
9,88,39
9,36,40
9,167,41
10,162,42
10,167,43
10,6,44
10,85,45
10,165,46
11,167,47
11,85,48
11,165,49
11,2,50
11,131,51
12,167,52
12,85,53
12,82,54
12,165,55
13,162,56
13,127,57
13,88,58
13,53,59
14,162,60
14,88,61
14,53,62
14,127,63
15,162,64
15,88,65
15,53,66
15,127,67
16,162,68
16,167,69
16,6,70
16,85,71
16,165,72
17,167,73
17,85,74
17,165,75
17,2,76
17,131,77
18,167,78
18,85,79
18,165,80
18,2,81
18,131,82
19,167,83
19,85,84
19,82,85
19,165,86
20,6,87
20,162,88
20,154,89
20,127,90
21,162,92
21,167,93
21,6,94
21,85,95
21,165,96
22,85,97
22,167,98
22,131,99
71,5,101
71,31,102
71,2,103
71,22,104
71,29,105
72,20,106
72,31,107
72,27,108
72,29,109
72,2,110
73,2,111
73,22,112
73,27,113
73,29,114
73,20,115
74,8,116
74,22,117
74,27,118
74,29,119
74,2,120
75,20,121
75,21,122
75,27,123
75,29,124
75,22,125
76,20,126
76,8,127
76,27,128
76,29,129
76,22,130
77,22,131
77,2,132
77,27,133
77,21,134
77,20,135
78,22,136
78,29,137
78,27,138
78,20,139
78,28,140
79,29,141
79,22,142
79,16,143
79,27,144
79,2,145
80,6,146
80,154,147
80,163,148
80,171,149
80,161,150
81,22,151
81,29,152
81,27,153
81,2,154
81,20,155
82,22,156
82,29,157
82,27,158
82,2,159
82,20,160
83,29,161
83,2,162
83,27,163
83,22,164
83,20,165
84,6,166
84,154,167
84,163,168
84,8,169
84,2,170
85,6,171
85,154,172
85,163,173
85,171,174
85,161,175
86,22,176
86,29,177
86,27,178
86,2,179
86,16,180
87,2,181
87,22,182
87,29,183
87,27,184
87,20,185
88,8,186
88,21,187
88,27,188
88,29,189
88,22,190
89,22,191
89,29,192
89,27,193
89,20,194
89,2,195
90,20,196
90,21,197
90,22,198
90,27,199
90,29,200
91,20,201
91,31,202
91,22,203
91,29,204
91,2,205
92,22,206
92,29,207
92,27,208
92,20,209
92,2,210
93,22,211
93,29,212
93,27,213
93,20,214
93,2,215
94,21,216
94,8,217
94,27,218
94,22,219
94,29,220
95,22,221
95,29,222
95,27,223
95,2,224
95,21,225
96,22,226
96,29,227
96,27,228
96,2,229
96,20,230
97,20,231
97,22,232
97,29,233
97,27,234
97,2,235
98,20,236
98,31,237
98,22,238
98,29,239
98,27,240
98,2,241
99,20,242
99,22,243
99,29,244
99,27,245
99,2,246
100,21,247
100,8,248
100,22,249
100,29,250
100,27,251
51,22,1
51,27,2
51,29,3
51,11,4
51,2,5
52,22,6
52,21,7
52,20,8
52,27,9
52,29,10
53,29,11
53,27,12
53,20,13
53,22,14
53,28,15
54,21,16
54,20,17
54,22,18
54,27,19
54,29,20
55,29,21
55,27,22
55,20,23
55,21,24
55,11,25
56,12,26
56,39,27
56,22,28
56,28,29
56,27,30
57,8,31
57,27,32
57,29,33
57,16,34
57,22,35
58,22,36
58,29,37
58,27,38
58,16,39
58,28,40
59,20,41
59,27,42
59,22,43
59,21,44
59,29,45
60,20,46
60,21,47
60,22,48
60,27,49
60,29,50
61,2,51
61,9,52
61,6,53
61,8,54
61,5,55
62,29,56
62,22,57
62,27,58
62,2,59
62,16,60
63,2,61
63,29,62
63,22,63
63,27,64
63,20,65
64,8,66
64,9,67
64,2,68
64,27,69
64,22,70
65,29,71
65,2,72
65,27,73
65,22,74
65,16,75
66,20,76
66,27,77
66,29,78
66,22,79
66,11,80
67,8,81
67,16,82
67,22,83
67,27,84
67,29,85
68,8,86
68,21,87
68,27,88
68,29,89
68,22,90
69,22,91
69,27,92
69,29,93
69,20,94
69,11,95
70,20,96
70,22,97
70,27,98
70,29,99
70,2,100
23,22,252
23,29,253
23,27,254
23,21,255
23,20,256
23,2,257
24,22,258
24,29,259
24,27,260
24,28,261
24,20,262
24,21,263
25,31,264
25,22,265
25,29,266
25,2,267
25,20,268
25,27,269
26,31,270
26,22,271
26,29,272
26,27,273
26,2,274
26,20,275
27,6,276
27,154,277
27,163,278
27,161,279
27,8,280
27,2,281
28,6,282
28,154,283
28,163,284
28,161,285
28,8,286
28,2,287
29,31,288
29,29,289
29,22,290
29,27,291
29,20,292
29,2,293
30,31,294
30,29,295
30,22,296
30,27,297
30,20,298
30,2,299
31,31,300
31,29,301
31,22,302
31,27,303
31,20,304
31,2,305
32,22,306
32,29,307
32,27,308
32,2,309
32,20,310
33,22,311
33,29,312
33,27,313
33,2,314
33,20,315
34,20,316
34,31,317
34,22,318
34,29,319
34,27,320
35,20,321
35,31,322
35,22,323
35,29,324
35,27,325
36,20,326
36,31,327
36,22,328
36,29,329
36,27,330
37,22,331
37,29,332
37,27,333
37,2,334
37,20,335
38,22,336
38,29,337
38,27,338
38,2,339
38,20,340
39,31,341
39,22,342
39,29,343
39,27,344
39,2,345
39,20,346
40,31,347
40,22,348
40,29,349
40,27,350
40,2,351
40,20,352
41,31,353
41,22,354
41,29,355
41,27,356
41,2,357
41,20,358
42,22,359
42,29,360
42,27,361
42,31,362
42,2,363
42,20,364
43,6,365
43,154,366
43,163,367
43,161,368
43,8,369
43,2,370
44,6,371
44,154,372
44,163,373
44,161,374
44,8,375
44,2,376
45,22,377
45,29,378
45,27,379
45,2,380
45,20,381
46,22,382
46,29,383
46,27,384
46,2,385
46,20,386
47,6,387
47,154,388
47,163,389
47,161,390
47,2,391
47,22,392
48,6,393
48,154,394
48,163,395
48,161,396
48,2,397
48,22,398
49,6,399
49,154,400
49,163,401
49,161,402
49,2,403
49,22,404
50,22,405
50,29,406
50,27,407
50,2,408
50,20,409
