Id,Name,Amount,Type_of_Measurement,Calories_kcal,Saturated_Fat_g,Carbs_g,Protein_g,Fiber_g,Sugar_g,cholesterol_mg,sodium_mg,potassium_mg,Iron_mg,Calcium_mg,Phosphorus_mg,magnesium_mg,Vitamin_A_ug,vitamin_b_mg,Vitamin_C_mg,Vitamin_D_ug,Vitamin_E_mg,Vitamin_K_ug,Zinc_mg,Iodine_ug,Selenium_ug,Copper_mg,Fluoride_mg,Chromium_mg
1,bread,1,slice,80,0.2,15,3,1,2,0,150,40,1,30,40,10,0,0.1,0,0,0.5,2,0.5,2,0.04,0.02,0.001,0
2,avocado,100,g,160,2.1,9,2,7,0.7,0,7,485,0.6,12,52,29,7,0.2,10,0,2.1,21,0.6,1,0.19,0.01,0.002,0.01
3,olive oil,1,tbsp,119,1.9,0,0,0,0,0,0,1,0,1,0,0,0,0,0,0,1.9,8,0,0,0,0,0,0
4,salt,1,tsp,0,0,0,0,0,0,0,2325,0,0,0,0,0,0,0,0,0,0,0,0,0,0,0,0,0.02
5,greek yogurt,150,g,130,3,6,12,0,5,10,55,200,0.1,150,135,15,20,0.1,0,0,0.1,0,0,10,0.02,0,0,0
6,black berries,100,g,57,0.1,14,0.7,2.4,10,0,1,153,0.3,6,12,6,1,0.1,59,0,0.6,2,0.2,0.4,0.05,0.01,0.002,0
7,honey,1,tbsp,64,0,17,0,0,17,0,1,11,0.1,1,1,0,0,0,0.5,0,0,0,0,0,0.01,0,0,0.01
8,oats,40,g,150,0.5,27,5,4,1,0,0,150,1.7,20,150,60,0,0.2,0,0,0.3,0,0,10,0.2,0,0.002,0.01
9,banana,118,g,105,0.4,27,1.3,3.1,14,0,1,422,0.3,6,26,32,3,0.4,10,0,0.1,0.5,0.3,1,0.08,0.01,0.002,0
10,almond milk,1,cup,30,0.3,1,1,0.5,0,0,150,160,0.3,450,20,15,150,0.1,0,2.5,6.3,0,0,1,0.02,0,0,0.01
11,chickpeas,100,g,164,0.3,27,9,8,4.8,0,24,291,2.9,49,168,48,1,0.4,2,0,0.4,4,0.3,3,0.35,0.02,0.002,0
12,cucumber,100,g,15,0,3.6,0.7,0.5,1.7,0,2,147,0.3,16,24,13,5,0.05,3,0,0.1,16,0.2,0.3,0.03,0.01,0.001,0.02
13,tomato,100,g,18,0,3.9,0.9,1.2,2.6,0,5,237,0.3,10,24,11,42,0.04,14,0,0.5,8,0.2,0.4,0.06,0.01,0.001,0
14,lemon juice,1,tbsp,29,0,9,1.1,2.8,2.5,0,2,138,0.6,26,16,8,1,0.1,53,0,0.2,0,0.1,0.5,0.04,0.01,0.001,0
15,lentils,100,g,116,0.1,20,9,8,1.8,0,2,369,3.3,19,180,36,8,0.5,4,0,0.1,2,0.3,3,0.25,0.02,0.002,0
16,carrot,100,g,41,0,10,0.9,2.8,4.7,0,69,320,0.3,33,35,12,835,0.1,6,0,0.7,13,0.2,0.1,0.04,0.02,0.002,0.01
17,onion,100,g,40,0,9.3,1.1,1.7,4.2,0,4,146,0.2,23,29,10,0,0.1,7,0,0,0.4,0.2,1,0.04,0.01,0.001,0.01
19,vegetable broth,1,cup,15,0,3,1,0,1,0,870,150,0.5,30,40,10,0,0.05,2,0,0,0,0,0,0.02,0,0,0
20,chicken breast,100,g,165,1,0,31,0,0,85,74,256,1,15,220,29,13,0.6,0,0,0.3,2,0.7,27,0.04,0,0,
21,rice,100,g,130,0.1,28,2.7,0.4,0.1,0,1,35,1.2,10,43,12,0,0.02,0,0,0,0.2,0.2,7,0.07,0,0,0.01
22,broccoli,100,g,34,0,7,2.8,2.6,1.7,0,33,316,0.7,47,66,21,623,0.1,89,0,0.8,102,0.4,2,0.05,0.01,0.002,0.01
23,tofu,100,g,76,1,1.9,8,0.3,0.6,0,7,121,1.6,350,97,30,0,0.1,0,0,0.1,2.4,0.2,17,0.2,0,0,0
24,bell pepper,100,g,31,0,6,1,2.1,4.2,0,4,211,0.4,7,26,12,157,0.1,127,0,1.6,7,0.3,0.5,0.04,0.01,0.002,0.01
25,soy sauce,1,tbsp,10,0,1,2,0,0,0,879,38,0.4,8,38,12,0,0.1,0,0,0,0.3,0.1,1,0.03,0,0,0.03
26,ginger,5,g,4,0,0.9,0.1,0.1,0.1,0,1,20,0.1,1,2,2,0,0.01,0.1,0,0,0,0.02,0.3,0.01,0.001,0,0.01
27,quinoa,100,g,120,0.2,21,4.4,2.8,0.9,0,7,172,1.5,17,152,64,1,0.2,0,0,0.6,0,0.3,2,0.19,0.01,0.002,0
28,zucchini,100,g,17,0,3.1,1.2,1,2.5,0,8,261,0.4,16,38,18,10,0.1,17,0,0.1,4,0.3,0.2,0.05,0.01,0.002,0.01
29,spinach,100,g,23,0,3.6,2.9,2.2,0.4,0,79,558,2.7,99,49,79,469,0.2,28,0,2,483,0.5,1,0.13,0.01,0.002,0.02
30,egg,1,large egg,70,1.6,0.4,6,0,0.4,186,62,63,0.9,28,99,6,80,0.5,0,1.1,0.5,0.3,24,15,0.05,0,0.002,0.02
31,salmon,100,g,208,3.1,0,20,0,0,55,59,363,0.5,9,252,27,50,0.8,0,10,1.1,0,36,0.05,0,0.002,,0.02
34,spaghetti,100,g cooked,158,0.2,31,5.8,1.8,0.6,0,1,44,1.3,7,58,18,0,0.1,0,0,0.1,0,0.7,12,0.07,0,0.002,0.02
36,parsley,10,g,4,0,0.6,0.3,0.3,0.1,0,6,55,0.6,14,6,5,42,0.03,13,0,0.1,164,0.1,0.3,0.01,0.001,0,0.01
37,chicken breast,100,g,165,1,0,31,0,0,85,74,256,1,15,220,29,13,0.6,0,0,0.3,2,0.7,27,0.04,0,0,0.01
38,corn tortilla,1,tortilla,140,1.5,24,4,2,1,0,260,70,1.5,60,90,20,0,0.2,0,0,0.3,2,0.6,8,0.08,0,0.002,0
39,lettuce,100,g,15,0,2.9,1.4,1.3,0.8,0,28,194,1,36,29,13,370,0.1,9,0,0.2,126,0.2,1,0.02,0.01,0.002,0.01
40,cheese,28,g,113,5,1,7,0,0.5,29,174,28,0.2,200,145,8,84,0.1,0,7,0.2,1,4,0.01,0,0,,0.01
41,salsa,100,g,36,0,7,1.5,1.5,4,0,430,270,1,20,30,12,20,0.1,10,0,0.5,6,0.3,1,0.05,0.01,0.001,0.01
42,paneer,100,g,265,14,3,18,0,1,56,22,104,0.2,208,138,20,265,0.1,0,0,0.5,2,0.7,10,0.03,0,0,0.01
43,butter,1,tbsp,102,7.2,0,0.1,0,0,31,82,3,0,3,3,0,97,0,0,0,0.3,7,0,0,0,0,0,0.01
44,tomato cream,100,g,92,3,8,2,1,5,15,200,180,0.5,40,60,12,120,0.1,10,0,0.8,10,0.3,2,0.05,0.01,0.001,0.01
45,garam masala,5,g,15,0.5,2.5,0.5,1,0,0,2,40,0.6,20,15,10,0,0.1,1,0,0.3,10,0.2,0.5,0.05,0.01,0.002,0.01
46,onion,100,g,40,0,9.3,1.1,1.7,4.2,0,4,146,0.2,23,29,10,0,0.1,7,0,0,0.4,0.2,1,0.04,0.01,0.001,0
47,sushi rice,100,g cooked,130,0.1,28,2.4,0.4,0.1,0,1,35,1.2,10,43,12,0,0.02,0,0,0,0.2,0.2,7,0.07,0,0,0.01
49,nori,2,sheets,10,0,1.3,1,0.3,0.1,0,20,70,0.3,7,20,10,15,0.05,1,0,0.1,5,0.2,8,0.01,0.01,0.002,0.01
50,sesame oil,1,tbsp,119,2,0,0,0,0,0,0,1,0,1,0,0,0,0,0,0,1.4,0,0,0,0,0,0,0.01
51,egg,1,large egg,70,1.6,0.4,6,0,0.4,186,62,63,0.9,28,99,6,80,0.5,0,1.1,0.5,0.3,24,15,0.05,0,0.002,0.02
53,spices,5,g mixed,12,0.2,2.2,0.5,1,0.1,0,5,35,0.8,15,10,8,5,0.1,1,0,0.3,6,0.2,0.5,0.05,0.01,0.002,0.01
54,onion,100,g,40,0,9.3,1.1,1.7,4.2,0,4,146,0.2,23,29,10,0,0.1,7,0,0,0.4,0.2,1,0.04,0.01,0.001,0.01
55,falafel,100,g,333,3.3,31.8,13.3,4.9,1.1,0,294,294,3.4,162,192,82,5,0.3,1,0,0.5,2,3.3,6,0.4,0,0.01,0.01
56,corn tortilla,1,medium tortilla,140,1.5,24,4,2,1,0,260,70,1.5,60,90,20,0,0.2,0,0,0.3,2,0.6,8,0.08,0,0.002,0
57,lettuce,100,g,15,0,2.9,1.4,1.3,0.8,0,28,194,1,36,29,13,370,0.1,9,0,0.2,126,0.2,1,0.02,0.01,0.002,0.01
59,tahini,1,tbsp,89,1.3,3.2,2.6,1.4,0.1,0,17,64,1.3,64,111,32,0,0.1,0,0,0.1,0.2,0.9,9,0.2,0,0,0.01
60,beef strips,100,g,250,6,0,26,0,0,90,72,318,2.6,18,200,21,0,0.4,0,0,0.3,1.5,4,33,0.1,0,0,0.01
61,broccoli,100,g,34,0,6.6,2.8,2.6,1.7,0,33,316,0.7,47,66,21,31,0.1,89,0,0.8,102,0.4,2.5,0.05,0.01,0.002,0.01
62,soy sauce,1,tbsp,10,0,1,1,0,0,0,879,38,0.1,7,20,12,0,0.1,0,0,0,0,0.3,5,0.02,0,0,0.01
63,garlic,1,medium clove,4,0,1,0.2,0.1,0.03,0,1,12,0.05,5,4,2,0,0.01,0.9,0,0.01,0.1,0.02,0.3,0.005,0.0005,0,0.01
64,ginger,5,g,4,0,0.9,0.1,0.1,0.1,0,1,21,0.1,1,2,3,0,0.01,0.3,0,0.01,0.1,0.01,0.2,0.01,0.001,0,0
65,water,240,ml,0,0,0,0,0,0,0,2,0,0,0,0,0,0,0,0,0,0,0,0,0,0,0,,0.01
66,miso paste,1,tbsp,34,0.2,4.3,2.2,0.7,1.1,0,634,57,0.5,11,44,12,0,0.1,0,0,0,0.3,0.6,3,0.03,0,0,0.02
67,tofu,100,g,76,0.7,1.9,8,0.3,0.6,0,7,121,1.6,350,121,30,0,0.1,0,0,0.01,0.2,1.2,10,0.2,0,0,0.01
68,seaweed,5,g dried,14,0,3,1,0.5,0.1,0,45,50,0.5,35,20,15,5,0.05,2,0,0.1,5,0.2,7,0.02,0.01,0.002,0.01
69,green onion,15,g,5,0,1.1,0.3,0.4,0.4,0,2,41,0.2,11,5,3,15,0.02,3,0,0.05,25,0.1,0.3,0.01,0.001,0,0
71,mozzarella,28,g,85,3.3,1,6.3,0,0.6,15,176,36,0.1,143,95,7,95,0.1,0,0,0.2,0.2,0.9,7,0.01,0,0,0.01
72,basil,5,g,1,0,0.2,0.2,0.1,0,0,1,15,0.2,9,3,2,26,0.01,1,0,0.02,21,0.05,0.1,0.01,0.001,0,0.01
74,balsamic,1,tbsp,14,0,2.7,0.1,0,2.4,0,5,11,0.1,4,4,1,0,0,0,0,0,0,0,0.1,0.01,0,0,0
75,rice noodles,100,g cooked,109,0.1,25,1.8,0.9,0.1,0,1,26,0.2,3,20,10,0,0.02,0,0,0,0,0.2,3,0.01,0,0,0.01
76,shrimp,100,g,99,0.1,0.2,24,0,0,189,111,264,0.5,70,201,33,54,0.1,0,0,0.3,0.2,0.5,40,0.2,0,0,0.01
77,egg,1,large egg,70,1.6,0.4,6,0,0.4,186,62,63,0.9,28,99,6,80,0.5,0,1.1,0.5,0.3,24,15,0.05,0,0.002,0.02
78,peanuts,28,g,161,2.3,4.6,7.3,2.4,1.2,0,5,187,1.3,26,107,48,0,0.2,0,0,2.4,0,2.2,7,0.3,0,0,0.01
79,soy sauce,1,tbsp,10,0,1,1,0,0,0,879,38,0.1,7,20,12,0,0.1,0,0,0,0,0.3,5,0.02,0,0,0.01
80,quinoa,100,g cooked,120,0.2,21.3,4.4,2.8,0.9,0,7,172,1.5,17,152,64,1,0.2,0,0,0.6,0,2.8,3,0.2,0,0,0.01
82,spinach,1,cup,23,0,4,3,2,0.4,0,24,558,2.7,30,50,24,2813,0.2,28,0,2,145,0.5,0,1,0.1,0,0
84,sweet potato,130,g,130,0,24,2,4,7,0,41,438,0.7,30,50,25,961,0.2,2,2,0.6,1.7,0.3,0,0,0.05,0,0.02
85,black beans,86,g,86,0.5,20,8,8,0.3,0,1,305,1.8,25,40,60,128,0.2,2,0,0.5,0,1,0,0,0.1,0,0.01
88,chili powder,1,tsp,6,0,1,0.3,0.3,0,0,1,7,0.1,1,2,1,0,0.01,0.5,0,0.02,0,0.01,0,0,0.01,0,0
89,arborio rice,158,g,210,0.5,45,5,2,0,0,1,55,1.5,20,70,45,0,0.05,0,0,0.1,0,0.6,0,0,0.03,0,0.01
90,mushrooms,72,g,15,0,2,2,1,1,0,5,318,0.3,10,15,9,0,0.2,2,0,0.3,0,0.5,0,0,0.05,0,0.01
91,vegetable broth,1,cup,12,0,2,1,0.5,1,0,800,120,0.3,10,15,5,0,0.01,2,0,0.02,0,0.1,0,0,0.01,0,0.01
92,chicken breast,100,g,165,3.6,0,31,0,0,85,74,256,0.9,15,220,28,15,0.1,0,0.3,0.3,0,1,10,27,0.04,0,0.01
93,bell pepper,100,g,31,0,6,1,2.1,4.2,0,4,211,0.4,7,26,12,157,0.1,127,0,1.6,7,0.3,0.5,0.04,0.01,0.002,0.01
95,tortilla,1,tortilla,140,1.5,24,4,2,1,0,260,70,1.5,60,90,20,0,0.2,0,0,0.3,2,0.6,8,0.08,0,0.002,0
96,spices,1,tsp,6,0,1,0.3,0.2,0,0,1,5,0.1,1,2,1,10,0.01,1,0,0.02,0,0.05,0,0,0.01,0,0
97,tofu,100,g,76,4,1.9,8,0.3,0.6,0,7,121,1.2,350,150,30,0,0.1,0,0.5,0.5,0,1,5,20,0.2,0,0.01
98,broccoli,100,g,34,0,6.6,2.8,2.6,1.7,0,33,316,0.7,47,66,21,31,0.1,89,0,0.8,102,0.4,2.5,0.05,0.01,0.002,0.01
99,red bell pepper,100,g,31,0,6,1,2,4,0,2,211,0.4,12,15,12,313,0.05,90,0,0.3,0,0.3,0,0,0.05,0,0.01
100,coconut milk,100,ml,197,21,3,2,0,2,0,15,180,0.5,10,15,15,0,0.2,0,0,0.5,0,0.3,0,0,0.02,0,0.01
101,red curry paste,1,tbsp,20,1,2,1,0.5,1,0,340,50,0.3,10,12,5,0,0.01,2,0,0.1,0,0.05,0,0,0.01,0,0
102,celery,1,stalk,6,0,1,0.3,0.5,0.3,0,32,260,0.3,40,20,10,22,22,0.01,3,0,0.02,0,0.1,0,0,0.02,0
103,hummus,1,tbsp,27,1,3,1,1,0,0,50,50,0.3,15,15,6,4,0.01,0.2,0,0.05,0,0.05,0,0,0.02,0,0
104,pasta,1,cup cooked,200,1,42,7,2,2,0,1,60,1.8,20,70,40,0,0.1,0,0,0.5,0,0.5,0,0,0.05,0,0.02
105,pesto,1,tbsp,80,8,1,1,0.2,0.1,0,120,40,0.2,15,20,10,120,0.05,0,0,1,0,0.3,0,0,0.02,0,0
106,parmesan,1,tbsp,22,1.5,0,2,0,0,7,180,20,0.1,60,55,20,50,0.05,0,0,0.5,0,0.2,0,0,0.01,0,0
107,lemon juice,1,tbsp,4,0,1,0.1,0,0,0,1,20,0.05,2,2,1,10,0.01,10,0,0.05,0,0.05,0,0,0.01,0,0
108,potato,130,g,163,0.2,37,4,4,2,0,10,926,1.1,20,50,48,20,0.2,17,0,0.1,0,1,0,0,0.05,0,0.02
109,tomato paste,1,tbsp,13,0,3,0.5,0.5,2,0,4,90,0.2,8,10,5,120,0.01,1,0,0.05,0,0.05,0,0,0.01,0,0
110,herbs,1,tsp,1,0,0.2,0.1,0.1,0,0,1,10,0.01,1,1,0.5,10,0.01,0.5,0,0.02,0,0.05,0,0,0.01,0,0
111,teriyaki sauce,1,tbsp,17,0,4,1,0,3,0,350,80,0.3,10,12,5,0,0.01,0.2,0,0.05,0,0.05,0,0,0.01,0,0
112,sesame seeds,1,tbsp,52,4.5,2,1.6,1,0.1,0,0,88,0.7,30,27,25,10,0.01,0,0,1.1,0,0.2,0,0,0.02,0,0
113,spaghetti,100,g cooked,158,0.2,31,5.8,1.8,0.6,0,1,44,1.3,7,58,18,0,0.1,0,0,0.1,0,0.7,12,0.07,0,0.002,0.02
114,ground beef,100,g,250,10,0,26,0,0,80,72,318,2.7,20,200,30,0,0.1,0,0.5,2,0,4,30,28,0.05,0,0.01
115,tomato sauce,0.5,cup,40,0,9,2,2,6,0,8,300,0.5,20,20,12,400,0.05,15,0,0.2,0,0.5,0,0,0.02,0,0.01
118,pasta,1,cup cooked,200,1,42,7,2,2,0,1,60,1.8,20,70,40,0,0.1,0,0,0.5,0,0.5,0,0,0.05,0,0.02
119,chicken breast,100,g,165,3.6,0,31,0,0,85,74,256,0.9,15,220,28,15,0.1,0,0.3,0.3,0,1,10,27,0.04,0,0.01
120,cream,1,tbsp,52,5,0.4,0.3,0,0.3,5,9,50,0.1,15,10,5,0,0.01,0,0,0.5,0,0.1,0,0,0.01,0,0
121,parmesan,1,tbsp,22,1.5,0,2,0,0,7,180,20,0.1,60,55,20,50,0.05,0,0,0.5,0,0.2,0,0,0.01,0,0
122,butter,1,tbsp,102,7,0,0,0,0,31,90,3,0.1,3,11,1,7,0,0,0,1,0,0.1,0,0,0.01,0,0
123,bun,1,bun,120,2,22,4,1,3,0,180,120,1,20,40,20,0,0.05,0,0,0.5,0,0.3,0,0,0.02,0,0.01
124,cheddar cheese,1,tbsp,28,9,0,2,0,0,9,174,20,0.1,204,28,20,180,0.05,0,0,0.5,0,0.2,0,0,0.01,0,0
125,lettuce,100,g,15,0,2.9,1.4,1.3,0.8,0,28,194,1,36,29,13,370,0.1,9,0,0.2,126,0.2,1,0.02,0.01,0.002,0.01
127,flour,1,tbsp,28,0,6,1,0.5,0,0,0,10,0.1,2,10,5,0,0.01,0,0,0.1,0,0.02,0,0,0.01,0,0
128,milk,1,cup,103,2.5,12,8,0,12,24,107,366,0.1,300,222,27,500,0.05,0,0,0.5,0,0.1,0,0,0.02,0,0.01
129,egg,1,large egg,70,1.6,0.4,6,0,0.4,186,62,63,0.9,28,99,6,80,0.5,0,1.1,0.5,0.3,24,15,0.05,0,0.002,0.02
130,maple syrup,1,tbsp,52,0,13,0,0,12,0,1,40,0.1,2,2,2,0,0.01,0,0,0.05,0,0.01,0,0,0.01,0,0
131,kidney beans,0.5,cup,112,0.5,20,8,6,1,0,1,305,1.8,25,40,60,128,0.2,2,0,0.5,0,1,0,0,0.1,0,0.01
132,pancetta,1,tbsp,42,3,0,3,0,0,12,200,30,0.1,15,10,5,0,0.01,0,0,0.2,0,0.1,0,0,0.01,0,0
133,cod,100,g,82,0.7,0,18,0,0,55,59,400,0.3,15,20,15,40,0.01,0,0,0.5,0,0.2,0,0,0.02,0,0
134,potato,130,g,163,0.2,37,4,4,2,0,10,926,1.1,20,50,48,20,0.2,17,0,0.1,0,1,0,0,0.05,0,0.02
135,canola oil,1,tbsp,120,14,0,0,0,0,0,0,0,0,0,0,0,0,0,0,0,14,0,0,0,0,0,0,
137,egg noodles,1,cup cooked,220,1.2,40,8,2,2,0,2,60,2,25,50,20,0,0.05,0,0,0.5,0,0.5,0,0,0.03,0,0.01
138,cottage cheese,0.5,cup,110,5,3,13,0,3,20,90,120,0.3,80,90,20,50,0.05,0,0,0.5,0,0.3,0,0,0.02,0,0
139,mayonnaise,1,tbsp,94,10,0,0,0,0,5,88,5,0.1,10,10,1,50,0.01,0,0,1,0,0.1,0,0,0.01,0,0
140,mustard,1,tbsp,3,0,0,0.2,0,0,0,55,0,0.01,5,2,1,0,0.01,0,0,0.01,0,0.01,0,0,0.01,0,0
141,ham,28,g,46,1.3,1,5,0,1,13,300,70,0.2,5,50,6,0,0.02,0,0,0.2,0,0.5,0,0,0.03,0,0.01
142,chicken breast,100,g,239,6,0,27,0,0,88,82,256,1.3,15,200,25,13,0.1,0,0.2,0.3,0,1,9,27,0.04,0,0.01
143,turkey breast,100,g,135,1,0,29,0,0,65,50,239,1.4,10,200,25,10,0.1,0,0.2,0.3,0,1,10,30,0.04,0,0.01
144,pizza dough,100,g,180,1,36,5,2,2,0,300,90,1.5,20,70,20,0,0.05,0,0,0.5,0,0.5,0,0,0.05,0,0.01
145,bbq sauce,1,tbsp,29,0,7,0,0,6,0,175,40,0.2,8,10,5,0,0.01,1,0,0.1,0,0.05,0,0,0.01,0,0
146,beans,130,g,120,0.5,22,7,6,1,0,1,305,2,30,60,50,0,0.2,2,0,0.5,0,1,0,0,0.1,0,0.01
147,flour tortilla,49,g,140,1.5,24,4,1,1,0,300,100,1.5,40,70,20,0,0.05,0,0,0.5,0,0.3,0,0,0.02,0,0.01
148,flour tortilla,49,g,140,1.5,24,4,1,1,0,300,100,1.5,40,70,20,0,0.05,0,0,0.5,0,0.3,0,0,0.02,0,0.01
149,lasagna noodles,140,g,220,1.2,40,8,2,2,0,2,60,2,25,80,20,0,0.05,0,0,0.5,0,0.5,0,0,0.03,0,0.01
150,ricotta,1,tbsp,216,6,9,11,0,0,51,84,150,0.4,255,200,20,200,0.05,0,0,0.5,0,0.8,0,0,0.03,0,0
151,pork,100,g,242,7,0,27,0,0,88,62,423,1,19,220,28,7,0.1,0,0.2,0.3,0,2,9,30,0.05,0,0.01
152,peas,80,g,62,0.1,11,4,4,4,0,4,176,1.5,20,60,33,38,0.2,20,0,0.1,0,1,0,0,0.1,0,0.01
153,granola,60,g,200,2,34,5,3,12,0,24,150,1.5,40,120,50,0,0.3,2,0,1,0,1,0,0,0.1,0,0.02
154,strawberries,152,g,49,0,12,1,3,7,0,1,233,0.7,24,24,19,12,0.1,89,0,0.3,0,0.2,0,0,0.05,0,0.01
155,sugar,1,tbsp,49,0,13,0,0,13,0,0,0,0,1,0,0,0,0,0,0,0,0,0,0,0,0,0,0
156,baking powder,1,tsp,2,0,1,0,0,0,0,488,0,0.1,5,5,0,0,0,0,0,0,0,0,0,0,0,0,
157,feta,28,g,75,4,1,4,0,1,25,316,19,0.2,140,95,11,120,0.05,0,0,0.2,0,0.8,0,0,0.02,0,0
158,peanut butter,1,tbsp,94,2,3,4,1,1,0,73,119,0.6,8,57,27,0,0.2,0,0,2,0,0.6,0,0,0.1,0,0.02
159,pineapple,165,g,82,0,22,1,2,16,0,2,180,0.5,21,20,12,58,0.1,79,0,0.2,0,0.2,0,0,0.1,0,0.01
160,walnuts,28,g,185,1.7,4,4,2,1,0,0,125,0.8,28,98,45,1,0.3,0,0,0.7,0,0.9,0,0,0.4,0,0.02
161,apple,182,g,95,0,25,0.5,4,19,0,2,195,0.2,11,20,9,98,0.05,8,0,0.3,0,0.1,0,0,0.05,0,0.01
162,cinnamon,1,tsp,6,0,2,0.1,1,0,0,0,11,0.1,8,2,1,0,0.01,0,0,0.1,0,0.02,0,0,0.01,0,0
163,mango,165,g,99,0.2,25,1,3,23,0,2,277,0.2,18,14,13,108,0.1,60,0,1,0,0.2,0,0,0.1,0,0.01
164,orange juice,1,cup,112,0,26,2,0.5,21,0,2,496,0.5,27,25,25,249,0.2,124,0,0.5,0,0.1,0,0,0.05,0,0.01
165,flax seeds,10,g,55,0.5,3,2,3,0,0,3,84,0.6,18,66,27,0,0.1,0,0,0.3,0,0.4,0,0,0.1,0,0.01
166,almonds,28,g,164,1.1,6,6,3.5,1.2,0,0,208,1.1,76,136,76,1,0.3,0,0,7.3,0,0.9,0,0,0.3,0,0.02
167,chia seeds,12,g,58,0.5,5,2,5,0,0,2,115,0.8,76,122,40,0,0.02,0,0,0.1,0,0.5,0,5.6,0.1,0,0.2
168,vanilla extract,4,g,12,0,0.5,0,0,0.5,0,1,10,0,1,1,1,0,0,0,0,0,0,0,0,0,0,0,0
169,pumpkin,100,g,26,0.1,6.5,1,0.5,2.8,0,1,340,0.8,21,44,12,426,0.05,9,0,1.1,1.1,0.3,0,0.5,0.1,0,0.2
170,yogurt,245,g,149,2,11,8.5,0,11,13,113,380,0.1,296,233,27,27,0.1,1.5,2.9,0.1,0.2,1.3,1,8,0.02,0,0.3
171,peaches,100,g,39,0,10,0.9,1.5,8.4,0,0,190,0.3,6,20,9,16,0.03,6.6,0,0.7,2.6,0.2,0,0.1,0.07,0,0.2
172,almond butter,16,g,98,0.7,3,3.4,1.6,1.2,0,0,120,0.6,60,110,45,0,0.1,0,0,3.7,0,0.9,0,1,0.3,0,0.2
173,muesli,55,g,150,0.3,26,4,3,8,0,5,160,1.2,40,120,35,0,0.2,2,0,0.4,1.2,1.1,0,2,0.2,0,0.3
174,cashews,28,g,157,2.2,9,5,1,1.7,0,3,187,1.9,10,168,83,0,0.1,0,0,0.3,9.5,1.6,0,5.6,0.6,0,0.3
175,raisins,28,g,85,0,22,1,1,17,0,3,212,0.8,28,30,8,0,0.1,1,0,0,0,0.3,0,0.6,0.1,0,0.2
176,pumpkin seeds,28,g,151,2.7,5,7,1.7,0.4,0,5,228,2.3,21,332,168,0,0.2,0,0,2.2,7.3,2.2,0,9.4,0.4,0,0.4
177,dark chocolate,28,g,170,6,13,2,3,7,0,5,158,3.4,56,86,64,2,0.1,0,0,0.5,2.3,0.9,0,3.4,0.5,0,0.2
178,rice cakes,1,cake,35,0,7,1,0.3,0,0,29,26,0.2,2,15,4,0,0,0,0,0,0,0.2,0,0.5,0.01,0,0.1
179,coconut oil,1,tbsp,117,10,0,0,0,0,0,0,0,0,0,0,0,0,0,0,0,0.1,0,0,0,0,0,0,0
180,chocolate chips,14,g,70,2,9,1,1,8,0,5,20,0.4,10,20,8,0,0.02,0,0,0.3,0.2,0.3,0,0.6,0.1,0,0.1
181,crackers,15,g,60,0.5,10,1,0.5,1,0,120,20,0.5,10,25,5,0,0.02,0,0,0.1,0.5,0.3,0,1,0.05,0,0.1
182,guacamole,30,g,50,0.7,3,1,2,0.5,0,150,150,0.3,10,20,10,20,0.03,4,0,0.7,6,0.2,0,0.2,0.05,0,0.2
183,lime juice,1,tbsp,4,0,1.3,0,0,0.4,0,0,15,0,2,2,1,0,0,7,0,0,0,0,0,0,0,0,0
184,blueberries,100,g,57,0,14,0.7,2.4,10,0,1,77,0.3,6,12,6,54,0.04,9.7,0,0.6,19,0.2,0,0.1,0.1,0,0.2
185,sunflower seeds,28,g,165,1.5,7,6,3,1.7,0,2,180,1.3,20,185,91,0,0.2,0,0,7.4,0.7,1.5,0,22,0.5,0,0.3
186,cranberries dried,28,g,92,0,25,0,2,20,0,1,9,0.1,2,5,2,0,0,0.2,0,0,1,0,0,0,0,0,0.1
187,paprika,1,tsp,6,0,1,0.3,0.7,0.3,0,1,19,0.5,2,7,2,157,0.05,1.4,0,0.3,6.2,0.1,0,0.1,0.02,0,0.1
188,edamame,100,g,121,0.6,9,11,5,2,0,6,436,2.3,63,169,64,27,0.2,6,0,0.7,26,1.3,0,1.2,0.2,0,0.4
189,sea salt,1,tsp,0,0,0,0,0,0,0,2300,0,0,0,0,0,0,0,0,0,0,0,0,0,0,0,0,0
190,grapes,100,g,69,0,18,0.7,0.9,15,0,2,191,0.4,10,20,7,3,0.04,10.8,0,0.2,14.6,0.1,0,0.1,0.1,0,0.2
191,vanilla extract,1,tsp,12,0,0.5,0,0,0.5,0,1,10,0,1,1,1,0,0,0,0,0,0,0,0,0,0,0,0
192,pumpkin,100,g,26,0.1,6.5,1,0.5,2.8,0,1,340,0.8,21,44,12,426,0.05,9,0,1.1,1.1,0.3,0,0.5,0.1,0,0.2
193,yogurt,245,g,149,2,11,8.5,0,11,13,113,380,0.1,296,233,27,27,0.1,1.5,2.9,0.1,0.2,1.3,1,8,0.02,0,0.3
194,peaches,100,g,39,0,10,0.9,1.5,8.4,0,0,190,0.3,6,20,9,16,0.03,6.6,0,0.7,2.6,0.2,0,0.1,0.07,0,0.2
195,almond butter,1,tbsp,98,0.7,3,3.4,1.6,1.2,0,0,120,0.6,60,110,45,0,0.1,0,0,3.7,0,0.9,0,1,0.3,0,0.2
196,muesli,55,g,150,0.3,26,4,3,8,0,5,160,1.2,40,120,35,0,0.2,2,0,0.4,1.2,1.1,0,2,0.2,0,0.3
197,cashews,28,g,157,2.2,9,5,1,1.7,0,3,187,1.9,10,168,83,0,0.1,0,0,0.3,9.5,1.6,0,5.6,0.6,0,0.3
198,raisins,28,g,85,0,22,1,1,17,0,3,212,0.8,28,30,8,0,0.1,1,0,0,0,0.3,0,0.6,0.1,0,0.2
199,pumpkin seeds,28,g,151,2.7,5,7,1.7,0.4,0,5,228,2.3,21,332,168,0,0.2,0,0,2.2,7.3,2.2,0,9.4,0.4,0,0.4
200,dark chocolate,28,g,170,6,13,2,3,7,0,5,158,3.4,56,86,64,2,0.1,0,0,0.5,2.3,0.9,0,3.4,0.5,0,0.2
201,rice cakes,1,cake,35,0,7,1,0.3,0,0,29,26,0.2,2,15,4,0,0,0,0,0,0,0.2,0,0.5,0.01,0,0.1
202,coconut oil,1,tbsp,117,10,0,0,0,0,0,0,0,0,0,0,0,0,0,0,0,0.1,0,0,0,0,0,0,0
203,chocolate chips,14,g,70,2,9,1,1,8,0,5,20,0.4,10,20,8,0,0.02,0,0,0.3,0.2,0.3,0,0.6,0.1,0,0.1
204,crackers,15,g,60,0.5,10,1,0.5,1,0,120,20,0.5,10,25,5,0,0.02,0,0,0.1,0.5,0.3,0,1,0.05,0,0.1
205,guacamole,30,g,50,0.7,3,1,2,0.5,0,150,150,0.3,10,20,10,20,0.03,4,0,0.7,6,0.2,0,0.2,0.05,0,0.2
206,lime juice,1,tbsp,4,0,1.3,0,0,0.4,0,0,15,0,2,2,1,0,0,7,0,0,0,0,0,0,0,0,0
207,blueberries,100,g,57,0,14,0.7,2.4,10,0,1,77,0.3,6,12,6,54,0.04,9.7,0,0.6,19,0.2,0,0.1,0.1,0,0.2
208,sunflower seeds,28,g,165,1.5,7,6,3,1.7,0,2,180,1.3,20,185,91,0,0.2,0,0,7.4,0.7,1.5,0,22,0.5,0,0.3
209,cranberries dried,28,g,92,0,25,0,2,20,0,1,9,0.1,2,5,2,0,0,0.2,0,0,1,0,0,0,0,0,0.1
210,paprika,1,tsp,6,0,1,0.3,0.7,0.3,0,1,19,0.5,2,7,2,157,0.05,1.4,0,0.3,6.2,0.1,0,0.1,0.02,0,0.1