ID,Quote,
1,Let food be thy medicine and medicine be thy food,
2,You are what you eat,
3,An apple a day keeps the doctor away,
4,"Eat breakfast like a king, lunch like a prince, dinner like a pauper",
5,Cooking is like love. It should be entered into with abandon or not at all,
6,Life is uncertain. Eat dessert first,
7,Good food is good mood,
8,The secret of success in life is to eat what you like and let the food fight it out inside,
9,Hunger is the best sauce,
10,"We are indeed much more than what we eat, but what we eat can help us be much more than what we are",
11,Food is symbolic of love when words are inadequate,
12,"One cannot think well, love well, sleep well, if one has not dined well",
13,Your diet is a bank account. Good food choices are good investments,
14,Nothing will benefit human health and increase chances for survival more than increasing the number of vegetarians,
15,"To eat is a necessity, but to eat intelligently is an art",
16,The only thing I like better than talking about food is eating,
17,Food is the ingredient that binds us together,
18,There is no sincerer love than the love of food,
19,"Healthy eating is a way of life, so it’s important to establish routines that are simple, realistically, and ultimately livable",
20,You don’t need a silver fork to eat good food,
21,Eating well is a form of self-respect,
22,A balanced diet is a cookie in each hand,
23,The discovery of a new dish does more for human happiness than the discovery of a new star,
24,People who love to eat are always the best people,
25,"Food is not just fuel, it’s information. It talks to your DNA and tells it what to do",
26,Nothing brings people together like good food,
27,"Food is our common ground, a universal experience",
28,"Your body is a temple, but only if you treat it as one",
29,"The more you eat, the less flavor","the less you eat, the more flavor"
30,"The first wealth is health, and good food is its foundation",
31,People who love to eat are always the best people - Julia Child,
32,Cooking is an observation-based process that you can’t do if you’re so completely focused on a recipe - Alton Brown,
33,There is no love sincerer than the love of food - George Bernard Shaw,
34,"One cannot think well, love well, sleep well, if one has not dined well - Virginia Woolf",
35,The only time to eat diet food is while you’re waiting for the steak to cook - Julia Child,
36,Pull up a chair. Take a taste. Come join us. Life is so endlessly delicious - Ruth Reichl,
37,People who love to eat are the best people - Ernest Hemingway,
38,"Tell me what you eat, and I will tell you what you are - Jean Anthelme Brillat-Savarin",
39,All happiness depends on a leisurely breakfast - John Gunther,
40,"After a good dinner one can forgive anybody, even one’s own relatives - Oscar Wilde",
41,"Food is our common ground, a universal experience - James Beard",
42,Good food ends with good talk - Geoffrey Neighor,
43,Life is a combination of magic and pasta - Federico Fellini,
44,"Food is not rational. Food is culture, habit, craving, and identity - Jonathan Safran Foer",
45,The secret of success in life is to eat what you like and let the food fight it out inside - Mark Twain,
46,Everything you see I owe to spaghetti - Sophia Loren,
47,"I cook with wine, sometimes I even add it to the food - W.C. Fields",
48,Food brings people together on many different levels - Guy Fieri,
49,A recipe has no soul. You as the cook must bring soul to the recipe - Thomas Keller,
50,The only thing I like better than talking about food is eating - John Walters,
51,"Life is short, eat the dessert first - Jacques Torres",
52,I love you like a fat kid loves cake - 50 Cent,
53,Eating is not merely a material pleasure. Eating well gives a spectacular joy to life and contributes immensely to goodwill and happy companionship - Elsa Schiaparelli,
54,Let things taste of what they are - Alice Waters,
55,"Cooking is like snow skiing: If you don’t fall at least 10 times, then you’re not skiing hard enough - Guy Fieri",
56,A party without cake is just a meeting - Julia Child,
57,I’m not a vegetarian because I love animals. I’m a vegetarian because I hate plants - A. Whitney Brown,
58,"If more of us valued food and cheer and song above hoarded gold, it would be a merrier world - J.R.R. Tolkien",
59,You don’t need a silver fork to eat good food - Paul Prudhomme,
60,Food is symbolic of love when words are inadequate - Alan D. Wolfelt,