ID,Title,Meal_Time,Ingredients,How_To_Cook
1,Avocado Toast,Breakfast,bread;avocado;olive oil;salt,"""1. Preheat toaster to medium (2-3 min). 2. Toast bread until golden. 3. Mash avocado with a pinch of salt. 4. Spread avocado on toast. 5. Drizzle olive oil on top and serve."""
2,Greek Yogurt Parfait,Breakfast; Snack,greek yogurt;berries;honey,"""1. Chill glass for 5 min. 2. Spoon Greek yogurt into glass. 3. Layer berries on top. 4. Repeat layers if desired. 5. Drizzle honey and chill for 5 min."""
3,Oatmeal with Banana,Breakfast,oats;banana;almond milk,"""1. Bring almond milk to simmer (3-4 min). 2. Add oats and cook 5 min. 3. Slice banana into rounds. 4. Mix banana into cooked oats. 5. Serve warm with a drizzle of honey."""
4,Chickpea Salad,Lunch; Dinner,chickpeas;cucumber;tomato;olive oil;lemon,"""1. Drain and rinse chickpeas. 2. Dice cucumber and tomato. 3. Combine chickpeas and vegetables. 4. Add olive oil and lemon juice, toss gently. 5. Chill 5 min before serving."""
5,Lentil Soup,Lunch; Dinner,lentils;carrot;onion;garlic;vegetable broth,"""1. Rinse lentils under cold water. 2. Dice carrot and onion. 3. Sauté onion and garlic in olive oil over medium heat 3-4 min. 4. Add lentils, carrots, and broth; bring to boil. 5. Reduce heat, simmer 25-30 min until tender."""
6,Grilled Chicken Bowl,Lunch; Dinner,chicken breast;rice;broccoli,"""1. Preheat grill to medium-high (~375°F). 2. Season chicken with salt and pepper. 3. Grill chicken 6-7 min per side until internal temp 165°F. 4. Cook rice according to package instructions (~12 min). 5. Steam broccoli 5 min and assemble bowl."""
7,Tofu Stir Fry,Lunch; Dinner,tofu;bell pepper;soy sauce;garlic;ginger,"""1. Press tofu 10 min to remove water. 2. Slice bell peppers. 3. Heat oil medium-high 2 min. 4. Add tofu and peppers, stir fry 5-6 min. 5. Add soy sauce and ginger, cook 1 min, serve."""
8,Quinoa Veggie Bowl,Lunch; Dinner,quinoa;zucchini;spinach;olive oil,"""1. Rinse quinoa. 2. Boil in water medium heat 12-15 min. 3. Sauté zucchini and spinach 5 min in olive oil. 4. Mix cooked quinoa and vegetables together. 5. Season with salt and pepper, serve."""
9,Egg Scramble,Breakfast,eggs;spinach;olive oil,"""1. Beat eggs with pinch of salt. 2. Heat oil medium 1-2 min. 3. Add eggs and scramble 2-3 min. 4. Add spinach, cook 1-2 min until wilted. 5. Serve immediately."""
10,Baked Salmon,Lunch; Dinner,salmon;lemon;olive oil,"""1. Preheat oven 375°F (190°C). 2. Place salmon on baking sheet. 3. Drizzle olive oil and lemon slices. 4. Bake 15-20 min until cooked. 5. Let rest 2 min and serve."""
11,Spaghetti Aglio e Olio,Lunch; Dinner,spaghetti;garlic;olive oil;parsley,"""1. Boil spaghetti 8-10 min until al dente. 2. Slice garlic thin. 3. Heat olive oil medium, sauté garlic 2-3 min. 4. Toss pasta with garlic oil. 5. Garnish with parsley and serve."""
12,Chicken Tacos,Lunch; Dinner,chicken breast;tortillas;lettuce;cheese;salsa,"""1. Season chicken with spices. 2. Cook chicken medium-high 6-7 min per side. 3. Warm tortillas 1 min each. 4. Assemble tacos with chicken, lettuce, cheese, salsa. 5. Serve immediately."""
13,Paneer Butter Masala,Lunch; Dinner,paneer;butter;tomato cream;garam masala;onion,"""1. Dice paneer. 2. Sauté onion in butter medium 3-4 min. 3. Add tomato cream, simmer 5 min. 4. Add paneer, garam masala, cook 5 min. 5. Serve with steamed rice."""
14,Sushi Rolls,Lunch; Dinner,sushi rice;cucumber;nori;sesame oil,"""1. Cook sushi rice 12 min. 2. Slice cucumber thin. 3. Lay nori on bamboo mat. 4. Spread rice, add cucumber. 5. Roll tightly, brush sesame oil, slice, serve."""
15,Shakshuka,Breakfast; Lunch; Dinner,eggs;tomato;olive oil;spices;onion,"""1. Heat olive oil medium 2 min. 2. Sauté onion 3 min. 3. Add tomato and spices, simmer 5-6 min. 4. Make wells, crack eggs, cover 5 min. 5. Serve hot with bread."""
16,Falafel Wrap,Lunch; Dinner,falafel;tortilla;lettuce;tomato;tahini,"""1. Heat oil medium-high 2 min. 2. Warm tortilla 1 min. 3. Place falafel on tortilla. 4. Add lettuce, tomato, tahini. 5. Roll and serve."""
17,Beef Stir Fry,Lunch; Dinner,beef strips;broccoli;soy sauce;garlic;ginger,"""1. Heat oil medium-high 2 min. 2. Add beef 5 min. 3. Stir fry broccoli 4 min. 4. Add soy sauce, garlic, ginger 2 min. 5. Serve hot with rice."""
18,Miso Soup,Lunch; Dinner,water;miso paste;tofu;seaweed;green onion,"""1. Boil water 5 min. 2. Dissolve miso paste. 3. Cube tofu, add to pot. 4. Add seaweed, cook 2 min. 5. Garnish with green onion, serve."""
19,Caprese Salad,Lunch; Dinner,tomato;mozzarella;basil;olive oil;balsamic,"""1. Slice tomato and mozzarella. 2. Layer alternating slices. 3. Sprinkle basil. 4. Drizzle olive oil and balsamic. 5. Serve chilled."""
20,Pad Thai,Lunch; Dinner,rice noodles;shrimp;egg;peanuts;soy sauce,"""1. Soak noodles 10 min. 2. Heat oil medium 2 min. 3. Stir fry shrimp 3 min. 4. Add noodles, egg, sauce, cook 5 min. 5. Garnish with peanuts and serve."""
31,Vegan Buddha Bowl with Tahini,Lunch; Dinner,quinoa;chickpeas;spinach;olive oil,"""1. Cook quinoa 12 min. 2. Roast chickpeas 15 min at 375°F. 3. Sauté spinach 3-4 min in olive oil. 4. Assemble bowl with quinoa, chickpeas, spinach. 5. Drizzle tahini dressing and serve."""
32,Sweet Potato and Black Bean Chili,Lunch; Dinner,sweet potato;black beans;tomato;onion;chili powder,"""1. Dice sweet potato. 2. Sauté onion medium 3-4 min. 3. Add sweet potato, beans, tomato, chili powder. 4. Simmer 20 min. 5. Serve hot."""
33,Vegan Mushroom Risotto,Lunch; Dinner,arborio rice;mushrooms;onion;vegetable broth;olive oil,"""1. Sauté onion 3 min. 2. Add mushrooms 5 min. 3. Add rice, toast 2-3 min. 4. Gradually add broth, stirring 15 min. 5. Finish with olive oil, serve."""
34,Chicken Fajitas,Lunch; Dinner,chicken breast;bell peppers;onion;tortilla;spices,"""1. Slice chicken, peppers, onion. 2. Heat pan medium 2 min. 3. Cook chicken 5-6 min. 4. Add peppers, onions, cook 4 min. 5. Assemble tortillas with mixture, serve."""
35,Vegan Thai Curry,Lunch; Dinner,tofu;broccoli;red bell pepper;coconut milk;red curry paste,"""1. Heat coconut milk 2 min. 2. Add red curry paste, stir. 3. Add tofu and vegetables, simmer 10 min. 4. Stir occasionally. 5. Serve with rice."""
36,Grilled Vegetable Panini,Lunch; Dinner,bread;zucchini;bell pepper;mozzarella;olive oil,"""1. Preheat panini press 2 min. 2. Slice vegetables thin. 3. Layer veggies and cheese on bread. 4. Drizzle olive oil. 5. Grill 5 min until golden."""
37,Vegan Stuffed Peppers,Lunch; Dinner,bell peppers;quinoa;black beans;tomato;cumin,"""1. Preheat oven 375°F. 2. Cook quinoa 12 min. 3. Mix quinoa, beans, tomato, cumin. 4. Stuff peppers with mixture. 5. Bake 20 min, serve."""
38,Beef and Broccoli Stir Fry,Lunch; Dinner,beef;broccoli;soy sauce;garlic;ginger,"""1. Slice beef thin. 2. Heat oil medium 2 min. 3. Add beef, cook 5 min. 4. Add broccoli, garlic, ginger, cook 4 min. 5. Serve hot with rice."""
39,Vegan Mediterranean Quinoa Salad,Lunch; Dinner,quinoa;cucumber;tomato;olive oil;lemon juice,"""1. Cook quinoa 12 min. 2. Dice cucumber, tomato. 3. Mix vegetables with quinoa. 4. Drizzle olive oil, lemon juice. 5. Chill 5 min, serve."""
40,Shrimp Tacos,Lunch; Dinner,shrimp;tortilla;lettuce;tomato;salsa,"""1. Heat oil medium 2 min. 2. Cook shrimp 3-4 min. 3. Dice lettuce, tomato. 4. Warm tortillas 1 min. 5. Assemble tacos with shrimp, vegetables, salsa, serve."""
41,Vegan Curry Noodles,Lunch; Dinner,rice noodles;tofu;coconut milk;broccoli;curry powder,"""1. Soak noodles 10 min. 2. Heat oil medium 2 min. 3. Add tofu, cook 3-4 min. 4. Add broccoli, coconut milk, curry powder, simmer 5 min. 5. Serve hot."""
42,Chicken Teriyaki Bowl,Lunch; Dinner,chicken breast;rice;broccoli;teriyaki sauce;sesame seeds,"""1. Cook rice 12 min. 2. Grill chicken 6-7 min per side. 3. Steam broccoli 5 min. 4. Pour teriyaki sauce over chicken and broccoli. 5. Sprinkle sesame seeds, serve."""
43,Vegan Lentil Soup,Lunch; Dinner,lentils;carrot;celery;onion;garlic,"""1. Dice vegetables. 2. Sauté onion, garlic medium 3 min. 3. Add lentils, carrot, celery, 3 cups water. 4. Simmer 20 min. 5. Serve hot."""
44,Grilled Veggie Skewers,Lunch; Dinner,zucchini;bell pepper;mushroom;olive oil;herbs,"""1. Preheat grill 375°F. 2. Skewer vegetables. 3. Brush with olive oil and herbs. 4. Grill 10-12 min, turning occasionally. 5. Serve hot."""
45,Vegan Black Bean Burger,Lunch; Dinner,black beans;oats;onion;garlic;spices,"""1. Mash black beans. 2. Mix oats, onion, garlic, spices. 3. Form patties. 4. Cook medium 5-6 min per side. 5. Serve on bun with toppings."""
46,Baked Tofu with Veggies,Lunch; Dinner,tofu;broccoli;carrots;olive oil;soy sauce,"""1. Preheat oven 375°F. 2. Cube tofu. 3. Toss tofu and veggies with oil, soy sauce. 4. Bake 20 min, stirring halfway. 5. Serve hot."""
47,Vegan Stuffed Zucchini,Lunch; Dinner,zucchini;quinoa;tomato;olive oil;garlic,"""1. Preheat oven 375°F. 2. Hollow zucchini. 3. Mix quinoa, tomato, olive oil, garlic. 4. Stuff zucchini with mixture. 5. Bake 20 min, serve."""
48,Vegan Mediterranean Wrap,Lunch; Dinner,tortilla;hummus;cucumber;tomato;lettuce,"""1. Spread hummus on tortilla. 2. Slice cucumber, tomato, lettuce. 3. Layer vegetables on tortilla. 4. Roll tightly. 5. Serve immediately."""
49,Chicken Pesto Pasta,Lunch; Dinner,pasta;chicken breast;pesto;parmesan;olive oil,"""1. Cook pasta 8-10 min. 2. Grill chicken 6 min per side. 3. Toss pasta with pesto, chicken, parmesan. 4. Drizzle olive oil. 5. Serve hot."""
50,Vegan Chickpea Stew,Lunch; Dinner,chickpeas;carrot;potato;tomato paste;spices,"""1. Dice vegetables. 2. Sauté carrot and potato 3-4 min. 3. Add chickpeas, tomato paste, spices. 4. Simmer 20 min. 5. Serve hot with bread."""
51,Spaghetti Bolognese,Lunch; Dinner,spaghetti;ground beef;tomato sauce;onion;olive oil,"""1. Boil spaghetti 8-10 min. 2. Sauté onion in olive oil 3 min. 3. Add ground beef, cook 5-6 min. 4. Stir in tomato sauce, simmer 10 min. 5. Serve over spaghetti."""
52,Chicken Alfredo Pasta,Lunch; Dinner,pasta;chicken breast;cream;parmesan;butter,"""1. Cook pasta 8-10 min. 2. Grill chicken 6-7 min. 3. Heat cream and butter medium 2 min. 4. Mix pasta, chicken, sauce. 5. Sprinkle parmesan and serve."""
53,Cheeseburger,Lunch; Dinner,ground beef;bun;cheddar cheese;lettuce;tomato,"""1. Shape beef patty. 2. Grill 5-6 min per side. 3. Toast bun 1-2 min. 4. Add cheese on patty 1 min before done. 5. Assemble with lettuce, tomato, serve."""
54,Grilled Cheese Sandwich,Lunch; Dinner,bread;cheddar cheese;butter;tomato;ham,"""1. Butter bread slices. 2. Heat skillet medium 2 min. 3. Add cheese between bread. 4. Cook 3-4 min per side. 5. Add tomato or ham if desired, serve."""
55,Chicken Stir Fry,Lunch; Dinner,chicken breast;broccoli;carrots;soy sauce;garlic,"""1. Slice chicken thin. 2. Heat oil medium 2 min. 3. Stir fry chicken 5 min. 4. Add vegetables, garlic, cook 4 min. 5. Add soy sauce, stir 1 min, serve."""
56,Pancakes with Syrup,Breakfast,flour;milk;egg;butter;maple syrup,"""1. Mix flour, milk, egg into batter. 2. Heat skillet medium 2 min. 3. Pour batter 1/4 cup per pancake. 4. Cook 2-3 min each side. 5. Serve with butter and syrup."""
57,Beef Tacos,Lunch; Dinner,ground beef;tortilla;lettuce;cheddar;salsa,"""1. Cook beef medium 5-6 min. 2. Warm tortillas 1 min. 3. Dice lettuce, cheese. 4. Assemble tacos with beef, vegetables. 5. Add salsa, serve."""
58,Omelette with Ham and Cheese,Breakfast,eggs;ham;cheddar;milk;butter,"""1. Beat eggs with milk. 2. Heat butter medium 1-2 min. 3. Pour eggs into pan 2 min. 4. Add ham, cheese, cook 3-4 min. 5. Fold omelette, serve hot."""
59,BBQ Chicken Pizza,Lunch; Dinner,pizza dough;chicken;mozzarella;bbq sauce;onion,"""1. Preheat oven 425°F. 2. Roll dough. 3. Top with chicken, cheese, bbq sauce, onion. 4. Bake 12-15 min. 5. Slice and serve."""
60,Shrimp Scampi,Lunch; Dinner,shrimp;spaghetti;garlic;butter;lemon juice,"""1. Boil spaghetti 8-10 min. 2. Sauté garlic in butter 2 min. 3. Add shrimp 4-5 min. 4. Toss with spaghetti. 5. Drizzle lemon juice, serve."""
61,Turkey Sandwich,Lunch; Dinner,bread;turkey breast;lettuce;tomato;mayonnaise,"""1. Toast bread 1-2 min. 2. Layer turkey, lettuce, tomato. 3. Spread mayonnaise. 4. Assemble sandwich. 5. Serve immediately."""
62,Beef Chili,Lunch; Dinner,ground beef;kidney beans;tomato;onion;chili powder,"""1. Sauté onion medium 3 min. 2. Add beef, cook 5-6 min. 3. Add beans, tomato, chili powder. 4. Simmer 20 min. 5. Serve hot."""
63,Pasta Carbonara,Lunch; Dinner,pasta;pancetta;egg;parmesan;cream,"""1. Boil pasta 8-10 min. 2. Cook pancetta 3-4 min. 3. Beat egg with cream, parmesan. 4. Toss pasta with pancetta and egg mixture. 5. Serve immediately."""
64,Fish and Chips,Lunch; Dinner,cod;potatoes;flour;oil;salt,"""1. Preheat oil 350°F. 2. Slice potatoes, fry 5-6 min. 3. Coat fish with flour, fry 4-5 min. 4. Drain oil. 5. Serve hot with tartar sauce."""
65,Chicken Noodle Soup,Lunch; Dinner,chicken;egg noodles;carrot;celery;onion,"""1. Boil chicken 15 min. 2. Add vegetables 5 min. 3. Add noodles, cook 8 min. 4. Season to taste. 5. Serve hot."""
66,Egg Salad Sandwich,Lunch; Dinner,bread;eggs;mayonnaise;lettuce;mustard,"""1. Boil eggs 10 min. 2. Mash eggs, mix with mayonnaise, mustard. 3. Toast bread 1-2 min. 4. Spread egg mixture. 5. Add lettuce, serve."""
67,Beef Burrito,Lunch; Dinner,beef;flour tortilla;rice;beans;cheddar,"""1. Cook beef 5-6 min. 2. Warm tortilla 1 min. 3. Add rice, beans, beef, cheese. 4. Roll tightly. 5. Serve immediately."""
68,Chicken Quesadilla,Lunch; Dinner,flour tortilla;chicken breast;cheddar;onion;bell pepper,"""1. Cook chicken 6 min. 2. Sauté onions, peppers 3 min. 3. Layer chicken, cheese, vegetables on tortilla. 4. Cook 3-4 min per side. 5. Serve hot."""
69,Lasagna,Lunch; Dinner,lasagna noodles;ground beef;tomato sauce;ricotta;mozzarella,"""1. Preheat oven 375°F. 2. Cook noodles 8-10 min. 3. Layer noodles, meat, sauce, cheese. 4. Repeat layers, top with mozzarella. 5. Bake 25 min, serve."""
70,Pork Fried Rice,Lunch; Dinner,pork;rice;peas;egg;soy sauce,"""1. Cook rice 12 min. 2. Heat oil medium 2 min. 3. Stir fry pork 5 min. 4. Add peas, egg, rice, cook 3 min. 5. Stir in soy sauce, serve."""
71,Banana Pancakes,Breakfast,flour;banana;egg;milk;butter,"""1. Mash banana. 2. Mix with flour, egg, milk. 3. Heat butter 1 min. 4. Pour batter, cook 2-3 min per side. 5. Drizzle honey and serve."""
72,Avocado Smoothie Bowl,Breakfast,avocado;oats;almond milk;berries;chia seeds,"""1. Blend avocado, almond milk. 2. Stir in oats. 3. Pour into bowl. 4. Top with berries and chia seeds. 5. Serve chilled."""
73,Strawberry Yogurt Parfait,Breakfast,yogurt;granola;strawberries;honey;almonds,"""1. Layer yogurt, granola, strawberries. 2. Drizzle honey. 3. Top with almonds. 4. Chill 5 min. 5. Serve."""
74,Blueberry Muffins,Breakfast,flour;sugar;milk;egg;baking powder,"""1. Mix dry ingredients. 2. Add milk, egg. 3. Fold in blueberries. 4. Pour into muffin tins. 5. Bake 18-20 min at 180°C."""
75,Spinach and Feta Omelette,Breakfast,eggs;spinach;feta;olive oil;milk,"""1. Beat eggs with milk. 2. Heat olive oil 1 min. 3. Add spinach, cook 2 min. 4. Pour eggs, add feta, cook 3-4 min. 5. Fold omelette and serve."""
76,Peanut Butter Banana Toast,Breakfast,bread;peanut butter;banana;honey;chia seeds,"""1. Toast bread 1-2 min. 2. Spread peanut butter. 3. Slice banana on top. 4. Drizzle honey. 5. Sprinkle chia seeds and serve."""
77,Breakfast Burrito,Breakfast,tortilla;eggs;black beans;cheese;salsa,"""1. Scramble eggs 2-3 min. 2. Warm tortilla 1 min. 3. Layer eggs, beans, cheese. 4. Add salsa. 5. Roll and serve."""
78,Cottage Cheese with Fruit,Breakfast,cottage cheese;pineapple;berries;honey;walnuts,"""1. Place cottage cheese in bowl. 2. Chop pineapple. 3. Mix fruit with cheese. 4. Drizzle honey. 5. Top with walnuts and serve."""
79,Apple Cinnamon Oatmeal,Breakfast,oats;apple;cinnamon;milk;honey,"""1. Cook oats with milk 5 min. 2. Chop apple and add 2 min. 3. Stir in cinnamon and honey. 4. Cook 1 min more. 5. Serve warm."""
80,Mango Smoothie,Breakfast,mango;yogurt;orange juice;honey;flax seeds,"""1. Blend all ingredients 1-2 min. 2. Pour into glass. 3. Sprinkle flax seeds. 4. Chill 5 min. 5. Serve."""
81,Strawberry Banana Smoothie,Breakfast,strawberries;banana;milk;honey;chia seeds,"""1. Blend all ingredients 1-2 min. 2. Pour into glass. 3. Sprinkle chia seeds. 4. Serve chilled."""
82,Avocado Egg Toast,Breakfast,bread;avocado;eggs;olive oil;salt,"""1. Toast bread 1-2 min. 2. Mash avocado on toast. 3. Fry eggs 3-4 min. 4. Place eggs on toast. 5. Drizzle olive oil and serve."""
83,Breakfast Quinoa Bowl,Breakfast,quinoa;milk;berries;honey;almonds,"""1. Cook quinoa 10 min. 2. Pour milk, stir. 3. Add berries and honey. 4. Top with almonds. 5. Serve warm."""
84,Cinnamon French Toast,Breakfast,bread;egg;milk;cinnamon;butter,"""1. Beat egg with milk and cinnamon. 2. Dip bread 1-2 min. 3. Heat butter 1 min. 4. Cook bread 2-3 min per side. 5. Serve warm."""
85,Berry Chia Pudding,Breakfast,chia seeds;almond milk;berries;honey;vanilla,"""1. Mix chia seeds and almond milk 2 min. 2. Refrigerate 2 hr. 3. Stir and add berries, honey, vanilla. 4. Chill 10 min. 5. Serve."""
86,Pumpkin Spice Oatmeal,Breakfast,oats;milk;pumpkin;cinnamon;maple syrup,"""1. Cook oats with milk 5 min. 2. Add pumpkin, cook 2 min. 3. Stir in cinnamon and maple syrup. 4. Serve warm."""
87,Peach Greek Yogurt Bowl,Breakfast,yogurt;peaches;granola;honey;almonds,"""1. Layer yogurt and granola. 2. Add peach slices. 3. Drizzle honey. 4. Sprinkle almonds. 5. Serve chilled."""
88,Almond Butter Toast,Breakfast,bread;almond butter;banana;chia seeds;honey,"""1. Toast bread 1-2 min. 2. Spread almond butter. 3. Slice banana on top. 4. Sprinkle chia seeds, drizzle honey. 5. Serve."""
89,Breakfast Parfait,Breakfast,yogurt;granola;berries;honey;flax seeds,"""1. Layer yogurt and granola. 2. Add berries. 3. Drizzle honey. 4. Sprinkle flax seeds. 5. Serve chilled."""
90,Muesli with Berries,Breakfast,muesli;milk;berries;honey;almonds,"""1. Pour milk over muesli. 2. Add berries. 3. Drizzle honey. 4. Sprinkle almonds. 5. Serve."""
91,Trail Mix,Snack,almonds;cashews;raisins;pumpkin seeds;dark chocolate,"""1. Mix all ingredients in a bowl. 2. Portion into snack bags. 3. Serve immediately or store."""
92,Apple Slices with Peanut Butter,Snack,apple;peanut butter;honey;chia seeds,"""1. Slice apple 5 mm thick. 2. Spread peanut butter on slices. 3. Drizzle honey. 4. Sprinkle chia seeds. 5. Serve immediately."""
93,Greek Yogurt with Honey and Walnuts,Snack,Greek yogurt;honey;walnuts;cinnamon,"""1. Scoop yogurt into bowl. 2. Drizzle honey. 3. Add walnuts. 4. Sprinkle cinnamon. 5. Serve chilled."""
94,Carrot Sticks with Hummus,Snack,carrot sticks;hummus;olive oil;lemon juice,"""1. Wash and cut carrots into sticks. 2. Place hummus in a bowl. 3. Drizzle olive oil and lemon juice. 4. Dip carrot sticks. 5. Serve."""
95,Rice Cakes with Almond Butter,Snack; Breakfast,rice cakes;almond butter;honey,"""1. Spread almond butter on rice cakes. 2. Drizzle honey. 3. Serve immediately."""
96,Banana Chips,Snack,banana;coconut oil;cinnamon,"""1. Slice banana thin. 2. Toss with coconut oil and cinnamon. 3. Bake at 150°C 20 min. 4. Cool and serve."""
97,Energy Balls,Snack,oats;peanut butter;honey;chocolate chips;chia seeds,"""1. Mix all ingredients 2 min. 2. Roll into 10 balls. 3. Chill 10 min. 4. Serve or store."""
98,Cheese and Crackers,Snack,cheddar;crackers;olive oil;herbs,"""1. Slice cheese. 2. Arrange on plate with crackers. 3. Drizzle olive oil. 4. Sprinkle herbs. 5. Serve."""
99,Cucumber Slices with Guacamole,Snack,cucumber;guacamole;lime juice,"""1. Slice cucumber 5mm thick. 2. Serve with guacamole. 3. Drizzle lime juice. 4. Serve chilled."""
100,Greek Yogurt with Berries,Snack,Greek yogurt;blueberries;strawberries;honey,"""1. Layer yogurt with berries. 2. Drizzle honey. 3. Serve chilled."""
101,Nut and Seed Bars,Snack,almonds;sunflower seeds;honey;oats;cranberries,"""1. Mix all ingredients 2 min. 2. Press into small tray. 3. Chill 20 min. 4. Cut into bars. 5. Serve."""
102,Roasted Chickpeas,Snack,chickpeas;olive oil;paprika,"""1. Preheat oven 180°C 5 min. 2. Toss chickpeas with oil and paprika. 3. Roast 20 min. 4. Cool and serve."""
103,Edamame,Snack,edamame;sea salt,"""1. Boil edamame 5 min. 2. Sprinkle salt. 3. Serve hot or cold."""
104,Celery with Peanut Butter,Snack,celery;peanut butter;honey,"""1. Spread peanut butter on celery sticks. 2. Drizzle honey. 3. Serve immediately."""
105,Mini Caprese Skewers,Snack,tomatoes;mozzarella;basil;balsamic,"""""1. Thread tomatoes mozzarella, basil onto skewers. 2. Drizzle balsamic. 3. Serve chilled."""""
106,Rice Pudding,Snack,rice;milk;sugar;cinnamon,"""1. Cook rice with milk 10 min. 2. Stir in sugar and cinnamon 2 min. 3. Serve warm or chilled."""
107,Fruit Salad,Snack,apple;orange;grapes;lemon juice,"""1. Chop fruits. 2. Mix in bowl. 3. Drizzle lemon juice. 4. Serve chilled."""
108,Oatmeal Cookies,Snack,oats;sugar;butter;egg;raisins,"""1. Mix ingredients 2 min. 2. Shape cookies. 3. Bake 12-15 min at 180°C. 4. Cool and serve."""
109,Banana Bread Muffins,Snack; Breakfast,flour;banana;milk;egg;baking powder,"""1. Mash banana. 2. Mix with flour, milk, egg. 3. Pour into muffin tins. 4. Bake 18-20 min at 180°C. 5. Cool and serve."""
110,Chocolate Dipped Strawberries,Snack,strawberries;dark chocolate;coconut oil,"""1. Melt chocolate with coconut oil 2 min. 2. Dip strawberries. 3. Chill 5 min. 4. Serve."""