recipe_id,ingredient_id,Amount
1,1,1
1,2,1
1,3,1
1,4,1
2,5,1
2,6,1
2,7,0.5
3,8,0.75
3,9,1
3,10,0.5
4,11,1
4,12,0.5
4,13,0.5
4,3,0.5
4,14,0.5
5,15,1
5,16,1
5,17,0.5
5,63,1
5,19,1
6,20,1
6,21,1
6,22,1
7,23,1
7,24,1
7,25,1
7,63,1
7,26,1
8,27,1
8,28,1
8,29,1
8,3,1
9,51,2
9,29,1
9,3,0.5
10,31,1
10,14,1
10,3,1
11,34,1
11,63,2
11,3,1
11,36,1
12,37,1
12,38,2
12,57,0.5
12,40,1
12,41,1
13,42,1
13,43,1
13,44,1
13,45,1
13,46,1
14,47,1
14,12,0.5
14,49,1
14,50,1
15,51,2
15,13,1
15,3,0.5
15,96,1
15,54,0.5
16,55,3
16,56,1
16,57,0.5
16,59,1
17,60,1
17,61,1
17,62,1
17,63,1
17,64,1
18,65,1
18,66,1
18,67,1
18,68,1
18,69,1
19,13,1
19,71,1
19,72,1
19,3,0.5
19,74,0.5
20,75,1
20,76,1
20,77,1
20,78,1
20,79,1
31,80,1
31,11,1
31,82,1
31,3,0.5
31,59,1
32,84,1
32,85,1
32,13,1
32,46,0.5
32,88,0.5
33,89,1
33,90,1
33,46,0.5
33,91,1
33,3,0.5
34,37,1
34,93,1
34,46,0.5
34,95,1
34,96,0.5
35,97,1
35,98,1
35,99,1
35,100,1
35,101,1
36,1,1
36,28,1
36,24,1
36,71,1
36,3,0.5
37,24,1
37,27,1
37,85,1
37,13,1
37,53,0.5
38,114,1
38,98,1
38,62,1
38,63,1
38,64,1
39,27,1
39,12,0.5
39,13,0.5
39,3,0.5
39,14,0.5
40,76,1
40,95,2
40,57,0.5
40,13,0.5
40,41,1
41,75,1
41,23,1
41,100,1
41,98,1
41,53,0.5
42,37,1
42,21,1
42,22,1
42,111,1
42,112,0.5
43,15,1
43,16,1
43,102,1
43,46,0.5
43,63,1
44,28,1
44,24,1
44,90,0.5
44,3,0.5
44,110,0.5
45,85,1
45,8,1
45,46,0.5
45,63,1
45,53,0.5
46,23,1
46,98,1
46,16,1
46,3,0.5
46,62,1
47,28,1
47,27,1
47,13,0.5
47,3,0.5
47,63,1
48,56,1
48,103,1
48,12,0.5
48,13,0.5
48,57,0.5
49,118,1
49,37,1
49,105,1
49,106,1
49,3,0.5
50,11,1
50,16,1
50,108,1
50,109,1
50,53,0.5
51,34,1
51,114,1
51,115,1
51,46,0.5
51,3,0.5
52,118,1
52,37,1
52,120,1
52,106,1
52,122,1
53,114,1
53,123,1
53,124,1
53,57,0.5
53,13,0.5
54,1,2
54,124,1
54,122,1
54,13,0.5
54,141,0.5
55,37,1
55,98,1
55,16,1
55,62,1
55,63,1
56,127,1
56,128,1
56,129,1
56,122,1
56,130,1
57,114,1
57,95,2
57,57,0.5
57,124,1
57,41,1
58,51,2
58,141,0.5
58,124,1
58,128,0.5
58,122,0.5
59,144,1
59,142,1
59,71,1
59,145,1
59,46,0.5
60,76,1
60,34,1
60,63,2
60,122,1
60,107,0.5
61,1,2
61,143,1
61,57,0.5
61,13,0.5
61,139,1
62,114,1
62,131,1
62,13,0.5
62,46,0.5
62,88,0.5
63,118,1
63,132,1
63,51,1
63,106,1
63,120,1
64,133,1
64,134,1
64,127,1
64,135,1
65,142,1
65,137,1
65,16,0.5
65,102,0.5
65,46,0.5
66,1,2
66,51,2
66,139,1
66,57,0.5
66,140,0.5
67,151,1
67,147,1
67,21,1
67,146,1
67,124,1
68,147,1
68,37,1
68,124,1
68,46,0.5
68,24,0.5
69,149,1
69,114,1
69,115,1
69,150,1
69,71,1
70,151,1
70,21,1
70,152,1
70,51,1
70,62,1
71,127,1
71,9,1
71,129,1
71,128,1
71,122,1
72,2,1
72,8,1
72,10,1
72,6,1
72,167,1
73,170,1
73,153,1
73,154,1
73,7,1
73,166,1
74,127,1
74,155,1
74,128,1
74,129,1
74,156,1
75,51,2
75,29,1
75,157,1
75,3,0.5
75,128,0.5
76,1,2
76,172,1
76,9,1
76,7,0.5
76,167,0.5
77,56,1
77,51,2
77,85,1
77,40,1
77,41,1
78,138,1
78,159,1
78,6,1
78,7,0.5
78,160,0.5
79,8,1
79,161,1
79,162,1
79,128,1
79,7,0.5
80,163,1
80,170,1
80,164,1
80,7,0.5
80,165,0.5
81,154,1
81,9,1
81,128,1
81,7,0.5
81,167,0.5
82,1,2
82,2,1
82,51,2
82,3,0.5
82,4,0.5
83,27,1
83,128,1
83,6,1
83,7,0.5
83,166,0.5
84,1,2
84,129,1
84,128,1
84,162,0.5
84,122,0.5
85,167,1
85,10,1
85,6,1
85,7,0.5
85,168,0.5
86,8,1
86,128,1
86,169,1
86,162,0.5
86,130,0.5
87,170,1
87,171,1
87,153,1
87,7,0.5
87,166,0.5
88,1,2
88,195,1
88,9,1
88,167,0.5
88,7,0.5
89,170,1
89,153,1
89,6,1
89,7,0.5
89,165,0.5
90,173,1
90,128,1
90,6,1
90,7,0.5
90,166,0.5
91,166,1
91,174,1
91,175,1
91,176,1
91,177,1
92,161,1
92,172,1
92,7,0.5
92,167,0.5
93,5,1
93,7,0.5
93,160,0.5
93,162,0.5
94,16,1
94,103,1
94,3,0.5
94,107,0.5
95,201,1
95,195,1
95,7,0.5
96,9,1
96,179,0.5
96,162,0.5
97,8,1
97,172,1
97,7,0.5
97,180,0.5
97,167,0.5
98,124,1
98,181,1
98,3,0.5
98,110,0.5
99,12,1
99,205,1
99,183,0.5
100,5,1
100,184,0.5
100,154,0.5
100,7,0.5
101,166,1
101,185,1
101,7,0.5
101,8,1
101,186,0.5
102,11,1
102,3,0.5
102,187,0.5
103,188,1
103,189,0.5
104,102,1
104,172,1
104,7,0.5
105,13,1
105,71,1
105,72,0.5
105,74,0.5
106,21,1
106,128,1
106,155,0.5
106,162,0.5
107,161,0.5
107,163,0.5
107,190,0.5
107,107,0.5
108,8,1
108,155,0.5
108,122,0.5
108,129,1
108,175,0.5
109,127,1
109,9,1
109,128,1
109,129,1
109,156,0.5
110,154,1
110,177,0.5
110,179,0.5
